#Device,NGP814
#Device Name,
#Format,LOG
#Date,2022-10-17
#Version,02.006 024C22E07
#Serial No.,100760
#Logging Interval[s],300.000
#Mode,Unlimited
#Start Time,14:19:25
#Stop Time,XX:XX:XX
#Actual Count,0000000000
#Adjustment Ch1,factory
#Adjustment Ch2,factory
#Adjustment Ch3,factory
#Adjustment Ch4,factory
Timestamp,U1[V],I1[A],P1[W],U2[V],I2[A],P2[W],U3[V],I3[A],P3[W],U4[V],I4[A],P4[W]
14:19:25.223,1.302,2.7260,3.550,1.302,2.0750,2.700,1.299,2.8075,3.645,1.298,2.5610,3.325
14:24:25.223,1.301,2.4510,3.190,1.302,1.9050,2.480,1.299,2.7390,3.560,1.298,2.5450,3.305
14:29:25.223,1.301,2.3145,3.010,1.302,1.8250,2.375,1.299,2.6965,3.505,1.298,2.5220,3.275
14:34:25.223,1.301,2.2280,2.900,1.302,1.7900,2.330,1.299,2.6700,3.470,1.298,2.5120,3.260
14:39:25.223,1.300,2.1695,2.820,1.302,1.7815,2.320,1.299,2.6535,3.445,1.297,2.5025,3.245
14:44:25.223,1.301,2.1310,2.770,1.302,1.7830,2.320,1.299,2.6400,3.430,1.297,2.4975,3.240
14:49:25.223,1.301,2.0970,2.730,1.302,1.7885,2.330,1.299,2.6300,3.415,1.298,2.4990,3.245
14:54:25.223,1.301,2.0670,2.690,1.302,1.7925,2.335,1.299,2.6185,3.400,1.298,2.4945,3.240
14:59:25.223,1.300,2.0400,2.650,1.302,1.7960,2.340,1.299,2.6095,3.390,1.298,2.4900,3.230
15:04:25.223,1.300,2.0160,2.620,1.303,1.7995,2.345,1.299,2.6045,3.385,1.298,2.4880,3.230
15:09:25.223,1.301,1.9995,2.600,1.303,1.8020,2.350,1.299,2.5965,3.375,1.298,2.4900,3.230
15:14:25.223,1.301,1.9780,2.575,1.302,1.8050,2.350,1.300,2.5950,3.375,1.298,2.4875,3.230
15:19:25.223,1.301,1.9595,2.550,1.302,1.8080,2.355,1.299,2.5895,3.365,1.298,2.4890,3.230
15:24:25.223,1.301,1.9435,2.530,1.302,1.8120,2.360,1.299,2.5850,3.360,1.298,2.4885,3.230
15:29:25.223,1.301,1.9275,2.510,1.302,1.8160,2.365,1.299,2.5845,3.355,1.298,2.4890,3.230
15:34:25.223,1.301,1.9135,2.490,1.302,1.8215,2.370,1.299,2.5815,3.355,1.297,2.4905,3.230
15:39:25.223,1.301,1.8960,2.465,1.303,1.8265,2.380,1.299,2.5795,3.350,1.298,2.4930,3.235
15:44:25.223,1.301,1.8810,2.445,1.302,1.8300,2.385,1.299,2.5775,3.350,1.298,2.4915,3.235
15:49:25.223,1.301,1.8665,2.430,1.302,1.8350,2.390,1.299,2.5720,3.340,1.298,2.4930,3.235
15:54:25.223,1.300,1.8490,2.405,1.302,1.8390,2.395,1.299,2.5700,3.340,1.298,2.4920,3.235
15:59:25.223,1.301,1.8355,2.390,1.302,1.8440,2.400,1.299,2.5685,3.335,1.298,2.4935,3.235
16:04:25.223,1.300,1.8205,2.365,1.302,1.8510,2.410,1.299,2.5665,3.335,1.297,2.4925,3.235
16:09:25.223,1.300,1.8065,2.350,1.302,1.8570,2.420,1.300,2.5680,3.340,1.298,2.4945,3.240
16:14:25.223,1.301,1.7965,2.335,1.302,1.8630,2.425,1.299,2.5660,3.335,1.298,2.4985,3.245
16:19:25.223,1.300,1.7800,2.315,1.302,1.8690,2.435,1.299,2.5645,3.330,1.298,2.4980,3.240
16:24:25.223,1.301,1.7705,2.305,1.302,1.8770,2.445,1.299,2.5600,3.325,1.298,2.5000,3.245
16:29:25.223,1.300,1.7575,2.285,1.302,1.8835,2.450,1.299,2.5590,3.325,1.298,2.5000,3.245
16:34:25.223,1.300,1.7440,2.265,1.302,1.8915,2.465,1.299,2.5580,3.325,1.298,2.4990,3.245
16:39:25.223,1.300,1.7320,2.250,1.302,1.8990,2.470,1.299,2.5565,3.320,1.297,2.5000,3.245
16:44:25.223,1.300,1.7205,2.235,1.302,1.9085,2.485,1.299,2.5550,3.320,1.298,2.5020,3.250
16:49:25.223,1.300,1.7110,2.225,1.302,1.9175,2.495,1.299,2.5535,3.315,1.298,2.5045,3.250
16:54:25.223,1.300,1.7010,2.210,1.302,1.9270,2.510,1.299,2.5575,3.320,1.297,2.5040,3.250
16:59:25.223,1.300,1.6910,2.200,1.302,1.9370,2.520,1.299,2.5545,3.320,1.298,2.5060,3.255
17:04:25.223,1.300,1.6830,2.190,1.302,1.9470,2.535,1.299,2.5570,3.320,1.298,2.5075,3.255
17:09:25.223,1.300,1.6725,2.175,1.302,1.9585,2.550,1.299,2.5560,3.320,1.298,2.5090,3.255
17:14:25.223,1.300,1.6630,2.160,1.302,1.9695,2.565,1.299,2.5550,3.320,1.298,2.5065,3.255
17:19:25.223,1.300,1.6545,2.150,1.302,1.9810,2.580,1.299,2.5545,3.320,1.298,2.5090,3.255
17:24:25.223,1.300,1.6440,2.135,1.302,1.9925,2.595,1.299,2.5560,3.320,1.298,2.5120,3.260
17:29:25.223,1.300,1.6340,2.125,1.302,2.0035,2.610,1.299,2.5560,3.320,1.298,2.5125,3.260
17:34:25.223,1.300,1.6255,2.115,1.302,2.0150,2.625,1.299,2.5560,3.320,1.298,2.5160,3.265
17:39:25.223,1.300,1.6170,2.100,1.302,2.0260,2.640,1.299,2.5565,3.320,1.298,2.5145,3.265
17:44:25.223,1.300,1.6100,2.095,1.302,2.0375,2.655,1.299,2.5555,3.320,1.297,2.5160,3.265
17:49:25.223,1.300,1.6015,2.080,1.302,2.0475,2.665,1.299,2.5565,3.320,1.298,2.5160,3.265
17:54:25.223,1.300,1.5925,2.070,1.302,2.0575,2.680,1.299,2.5550,3.320,1.298,2.5175,3.270
17:59:25.223,1.300,1.5875,2.065,1.302,2.0680,2.695,1.299,2.5540,3.320,1.298,2.5205,3.270
18:04:25.223,1.300,1.5785,2.050,1.303,2.0785,2.710,1.299,2.5550,3.320,1.298,2.5190,3.270
18:09:25.223,1.300,1.5710,2.040,1.302,2.0860,2.715,1.299,2.5555,3.320,1.297,2.5180,3.265
18:14:25.223,1.300,1.5645,2.035,1.302,2.0950,2.730,1.299,2.5540,3.320,1.298,2.5210,3.270
18:19:25.223,1.300,1.5580,2.025,1.302,2.1035,2.740,1.299,2.5555,3.320,1.298,2.5190,3.270
18:24:25.223,1.300,1.5500,2.015,1.303,2.1120,2.750,1.299,2.5540,3.320,1.298,2.5210,3.270
18:29:25.223,1.300,1.5430,2.005,1.303,2.1195,2.760,1.299,2.5545,3.320,1.297,2.5220,3.270
18:34:25.223,1.300,1.5365,1.995,1.302,2.1250,2.765,1.299,2.5555,3.320,1.298,2.5230,3.275
18:39:25.223,1.300,1.5325,1.990,1.302,2.1330,2.775,1.299,2.5540,3.320,1.297,2.5215,3.270
18:44:25.223,1.300,1.5225,1.980,1.302,2.1400,2.785,1.299,2.5545,3.320,1.298,2.5225,3.275
18:49:25.223,1.300,1.5165,1.970,1.303,2.1465,2.795,1.299,2.5550,3.320,1.298,2.5250,3.275
18:54:25.223,1.300,1.5115,1.965,1.302,2.1520,2.800,1.299,2.5560,3.320,1.298,2.5235,3.275
18:59:25.223,1.300,1.5050,1.955,1.303,2.1590,2.815,1.299,2.5545,3.320,1.298,2.5230,3.275
19:04:25.223,1.300,1.4985,1.950,1.302,2.1640,2.820,1.299,2.5545,3.320,1.298,2.5255,3.280
19:09:25.223,1.300,1.4950,1.945,1.302,2.1700,2.825,1.299,2.5560,3.320,1.298,2.5250,3.275
19:14:25.223,1.300,1.4895,1.935,1.302,2.1760,2.835,1.299,2.5565,3.320,1.298,2.5255,3.280
19:19:25.223,1.301,1.4835,1.930,1.302,2.1805,2.840,1.299,2.5575,3.320,1.297,2.5260,3.275
19:24:25.223,1.300,1.4775,1.920,1.302,2.1860,2.845,1.299,2.5545,3.320,1.297,2.5250,3.275
19:29:25.223,1.300,1.4720,1.915,1.303,2.1915,2.855,1.299,2.5565,3.320,1.298,2.5260,3.280
19:34:25.223,1.300,1.4660,1.905,1.303,2.1965,2.860,1.299,2.5550,3.320,1.298,2.5245,3.275
19:39:25.223,1.301,1.4605,1.900,1.302,2.2010,2.865,1.299,2.5565,3.320,1.297,2.5245,3.275
19:44:25.223,1.300,1.4540,1.890,1.303,2.2070,2.875,1.299,2.5555,3.320,1.298,2.5255,3.280
19:49:25.223,1.300,1.4490,1.885,1.303,2.2105,2.880,1.299,2.5565,3.320,1.297,2.5245,3.275
19:54:25.223,1.301,1.4435,1.880,1.302,2.2135,2.880,1.299,2.5550,3.320,1.297,2.5230,3.270
19:59:25.223,1.300,1.4385,1.870,1.303,2.2185,2.890,1.299,2.5560,3.320,1.297,2.5265,3.275
20:04:25.223,1.300,1.4315,1.860,1.302,2.2235,2.895,1.299,2.5560,3.320,1.297,2.5245,3.275
20:09:25.223,1.301,1.4285,1.860,1.303,2.2275,2.900,1.299,2.5545,3.320,1.297,2.5230,3.270
20:14:25.223,1.301,1.4245,1.855,1.302,2.2320,2.905,1.299,2.5530,3.315,1.298,2.5255,3.280
20:19:25.223,1.300,1.4190,1.845,1.302,2.2355,2.910,1.299,2.5565,3.320,1.298,2.5235,3.275
20:24:25.223,1.300,1.4140,1.840,1.302,2.2390,2.915,1.299,2.5555,3.320,1.297,2.5235,3.275
20:29:25.223,1.301,1.4090,1.835,1.302,2.2435,2.920,1.299,2.5535,3.315,1.297,2.5215,3.270
20:34:25.223,1.300,1.4025,1.825,1.303,2.2480,2.930,1.299,2.5535,3.315,1.297,2.5220,3.270
20:39:25.223,1.300,1.3970,1.815,1.302,2.2510,2.930,1.299,2.5535,3.315,1.297,2.5230,3.270
20:44:25.223,1.300,1.3915,1.810,1.302,2.2545,2.935,1.299,2.5540,3.320,1.298,2.5245,3.275
20:49:25.223,1.300,1.3880,1.805,1.303,2.2590,2.945,1.299,2.5535,3.315,1.297,2.5220,3.270
20:54:25.223,1.300,1.3825,1.795,1.302,2.2625,2.945,1.299,2.5530,3.315,1.298,2.5225,3.275
20:59:25.223,1.300,1.3760,1.790,1.302,2.2665,2.950,1.299,2.5515,3.315,1.297,2.5210,3.270
21:04:25.223,1.300,1.3685,1.780,1.302,2.2695,2.955,1.299,2.5535,3.315,1.297,2.5220,3.270
21:09:25.223,1.300,1.3635,1.775,1.303,2.2740,2.965,1.299,2.5530,3.315,1.297,2.5205,3.270
21:14:25.223,1.300,1.3585,1.765,1.303,2.2770,2.965,1.299,2.5490,3.310,1.297,2.5180,3.265
21:19:25.223,1.300,1.3535,1.760,1.302,2.2795,2.970,1.299,2.5485,3.310,1.297,2.5210,3.270
21:24:25.223,1.301,1.3505,1.755,1.303,2.2840,2.975,1.299,2.5525,3.315,1.297,2.5190,3.265
21:29:25.223,1.300,1.3465,1.750,1.303,2.2880,2.980,1.299,2.5505,3.315,1.298,2.5215,3.275
21:34:25.223,1.300,1.3420,1.745,1.303,2.2905,2.985,1.299,2.5495,3.310,1.297,2.5200,3.270
21:39:25.223,1.300,1.3385,1.740,1.303,2.2945,2.990,1.299,2.5480,3.310,1.298,2.5200,3.270
21:44:25.223,1.300,1.3335,1.735,1.303,2.2975,2.995,1.299,2.5455,3.305,1.297,2.5185,3.265
21:49:25.223,1.300,1.3295,1.730,1.303,2.3020,3.000,1.299,2.5490,3.310,1.297,2.5190,3.265
21:54:25.223,1.300,1.3235,1.720,1.303,2.3045,3.005,1.299,2.5470,3.310,1.298,2.5200,3.270
21:59:25.223,1.300,1.3180,1.715,1.302,2.3060,3.000,1.299,2.5470,3.310,1.298,2.5185,3.270
22:04:25.223,1.300,1.3140,1.710,1.302,2.3090,3.005,1.298,2.5445,3.305,1.298,2.5195,3.270
22:09:25.223,1.300,1.3105,1.705,1.303,2.3125,3.015,1.299,2.5440,3.305,1.298,2.5195,3.270
22:14:25.223,1.301,1.3070,1.700,1.303,2.3160,3.020,1.299,2.5450,3.305,1.297,2.5180,3.265
22:19:25.223,1.301,1.3010,1.695,1.303,2.3200,3.025,1.299,2.5450,3.305,1.297,2.5160,3.265
22:24:25.223,1.301,1.2970,1.685,1.302,2.3215,3.025,1.299,2.5440,3.305,1.298,2.5190,3.270
22:29:25.223,1.300,1.2915,1.680,1.303,2.3250,3.030,1.299,2.5445,3.305,1.298,2.5185,3.270
22:34:25.223,1.300,1.2875,1.675,1.302,2.3280,3.030,1.299,2.5450,3.305,1.298,2.5195,3.270
22:39:25.223,1.300,1.2845,1.670,1.302,2.3300,3.035,1.299,2.5420,3.300,1.298,2.5185,3.270
22:44:25.223,1.300,1.2805,1.665,1.303,2.3345,3.040,1.299,2.5450,3.305,1.298,2.5190,3.270
22:49:25.223,1.301,1.2775,1.660,1.303,2.3370,3.045,1.299,2.5415,3.300,1.297,2.5150,3.260
22:54:25.223,1.301,1.2715,1.655,1.302,2.3385,3.045,1.299,2.5410,3.300,1.298,2.5155,3.265
22:59:25.223,1.300,1.2640,1.645,1.303,2.3420,3.050,1.299,2.5395,3.300,1.297,2.5155,3.265
23:04:25.223,1.300,1.2595,1.635,1.302,2.3440,3.050,1.299,2.5410,3.300,1.298,2.5160,3.265
23:09:25.223,1.300,1.2530,1.630,1.302,2.3465,3.055,1.299,2.5375,3.295,1.297,2.5160,3.265
23:14:25.223,1.300,1.2480,1.620,1.302,2.3500,3.060,1.299,2.5385,3.300,1.297,2.5165,3.265
23:19:25.223,1.300,1.2440,1.615,1.302,2.3530,3.065,1.299,2.5375,3.295,1.297,2.5155,3.265
23:24:25.223,1.301,1.2405,1.615,1.303,2.3560,3.070,1.299,2.5340,3.290,1.297,2.5150,3.260
23:29:25.223,1.300,1.2345,1.605,1.302,2.3585,3.070,1.299,2.5360,3.295,1.297,2.5140,3.260
23:34:25.223,1.301,1.2300,1.600,1.303,2.3620,3.080,1.299,2.5355,3.295,1.297,2.5130,3.260
23:39:25.223,1.301,1.2255,1.595,1.302,2.3645,3.080,1.299,2.5360,3.295,1.297,2.5140,3.260
23:44:25.223,1.301,1.2205,1.590,1.302,2.3670,3.080,1.299,2.5345,3.290,1.297,2.5130,3.260
23:49:25.223,1.300,1.2150,1.580,1.302,2.3695,3.085,1.299,2.5345,3.290,1.297,2.5125,3.260
23:54:25.223,1.300,1.2110,1.575,1.303,2.3730,3.090,1.299,2.5325,3.290,1.297,2.5095,3.255
23:59:25.223,1.300,1.2075,1.570,1.303,2.3760,3.095,1.299,2.5295,3.285,1.297,2.5140,3.260
00:04:25.223,1.300,1.2045,1.565,1.303,2.3780,3.100,1.300,2.5305,3.290,1.297,2.5125,3.260
00:09:25.223,1.300,1.2025,1.565,1.303,2.3805,3.100,1.299,2.5295,3.285,1.298,2.5120,3.260
00:14:25.223,1.300,1.1970,1.555,1.302,2.3830,3.105,1.300,2.5300,3.290,1.298,2.5140,3.265
00:19:25.223,1.300,1.1930,1.550,1.303,2.3855,3.110,1.299,2.5280,3.285,1.297,2.5110,3.255
00:24:25.223,1.301,1.1925,1.550,1.302,2.3865,3.105,1.300,2.5280,3.285,1.298,2.5120,3.260
00:29:25.223,1.301,1.1880,1.545,1.302,2.3895,3.110,1.300,2.5270,3.285,1.298,2.5135,3.265
00:34:25.223,1.301,1.1845,1.540,1.302,2.3915,3.115,1.299,2.5245,3.280,1.297,2.5125,3.260
00:39:25.223,1.301,1.1815,1.535,1.302,2.3945,3.120,1.299,2.5220,3.275,1.297,2.5115,3.255
00:44:25.223,1.301,1.1770,1.530,1.302,2.3965,3.120,1.299,2.5235,3.280,1.297,2.5130,3.260
00:49:25.223,1.301,1.1710,1.525,1.303,2.4005,3.130,1.299,2.5200,3.275,1.297,2.5115,3.255
00:54:25.223,1.301,1.1660,1.515,1.302,2.4020,3.125,1.299,2.5200,3.275,1.297,2.5105,3.255
00:59:25.223,1.301,1.1610,1.510,1.302,2.4040,3.130,1.299,2.5140,3.265,1.297,2.5100,3.255
01:04:25.223,1.301,1.1545,1.500,1.302,2.4055,3.130,1.299,2.5145,3.265,1.297,2.5105,3.255
01:09:25.223,1.301,1.1505,1.495,1.302,2.4085,3.135,1.299,2.5150,3.265,1.298,2.5115,3.260
01:14:25.223,1.300,1.1475,1.490,1.302,2.4105,3.140,1.299,2.5140,3.265,1.297,2.5105,3.255
01:19:25.223,1.301,1.1445,1.490,1.303,2.4135,3.145,1.299,2.5125,3.265,1.297,2.5095,3.255
01:24:25.223,1.301,1.1415,1.485,1.302,2.4150,3.145,1.299,2.5085,3.260,1.298,2.5110,3.260
01:29:25.223,1.301,1.1360,1.480,1.302,2.4170,3.145,1.299,2.5055,3.255,1.298,2.5095,3.255
01:34:25.223,1.301,1.1295,1.470,1.302,2.4210,3.150,1.299,2.5065,3.255,1.297,2.5085,3.255
01:39:25.223,1.301,1.1240,1.460,1.302,2.4230,3.155,1.299,2.5060,3.255,1.297,2.5095,3.255
01:44:25.223,1.300,1.1180,1.455,1.302,2.4245,3.155,1.299,2.5035,3.250,1.298,2.5100,3.260
01:49:25.223,1.300,1.1120,1.445,1.302,2.4275,3.160,1.299,2.5025,3.250,1.297,2.5095,3.255
01:54:25.223,1.301,1.1080,1.440,1.302,2.4290,3.165,1.299,2.4995,3.245,1.298,2.5095,3.255
01:59:25.223,1.301,1.1040,1.435,1.302,2.4315,3.165,1.299,2.4985,3.245,1.298,2.5100,3.260
02:04:25.223,1.301,1.1005,1.430,1.302,2.4330,3.170,1.299,2.4985,3.245,1.297,2.5085,3.255
02:09:25.223,1.301,1.0990,1.430,1.302,2.4365,3.170,1.300,2.4985,3.250,1.298,2.5095,3.255
02:14:25.223,1.301,1.0960,1.425,1.302,2.4385,3.175,1.299,2.4960,3.240,1.297,2.5080,3.255
02:19:25.223,1.301,1.0900,1.420,1.303,2.4410,3.180,1.299,2.4930,3.240,1.297,2.5075,3.250
02:24:25.223,1.300,1.0850,1.410,1.302,2.4425,3.180,1.299,2.4915,3.235,1.298,2.5090,3.255
02:29:25.223,1.301,1.0815,1.405,1.302,2.4440,3.180,1.299,2.4895,3.235,1.297,2.5090,3.255
02:34:25.223,1.300,1.0765,1.400,1.302,2.4475,3.185,1.299,2.4840,3.225,1.297,2.5080,3.255
02:39:25.223,1.301,1.0750,1.400,1.303,2.4500,3.190,1.299,2.4850,3.230,1.297,2.5065,3.250
02:44:25.223,1.300,1.0730,1.395,1.303,2.4515,3.195,1.300,2.4840,3.230,1.298,2.5080,3.255
02:49:25.223,1.301,1.0695,1.390,1.302,2.4525,3.195,1.299,2.4810,3.225,1.297,2.5065,3.250
02:54:25.223,1.301,1.0680,1.390,1.302,2.4550,3.195,1.299,2.4745,3.215,1.297,2.5075,3.250
02:59:25.223,1.301,1.0645,1.385,1.302,2.4565,3.200,1.299,2.4770,3.220,1.297,2.5065,3.250
03:04:25.223,1.301,1.0615,1.380,1.303,2.4585,3.205,1.299,2.4725,3.210,1.298,2.5060,3.255
03:09:25.223,1.301,1.0550,1.375,1.302,2.4605,3.205,1.299,2.4690,3.205,1.297,2.5065,3.250
03:14:25.223,1.301,1.0510,1.365,1.303,2.4630,3.210,1.299,2.4680,3.205,1.298,2.5065,3.255
03:19:25.223,1.301,1.0500,1.365,1.302,2.4635,3.205,1.299,2.4700,3.210,1.297,2.5060,3.250
03:24:25.223,1.301,1.0460,1.360,1.302,2.4660,3.210,1.299,2.4630,3.200,1.297,2.5070,3.250
03:29:25.223,1.301,1.0400,1.355,1.302,2.4680,3.215,1.299,2.4635,3.200,1.297,2.5060,3.250
03:34:25.223,1.301,1.0355,1.345,1.302,2.4695,3.215,1.299,2.4580,3.195,1.297,2.5060,3.250
03:39:25.223,1.301,1.0310,1.340,1.302,2.4710,3.215,1.299,2.4575,3.190,1.297,2.5050,3.250
03:44:25.223,1.300,1.0255,1.335,1.302,2.4730,3.220,1.299,2.4500,3.185,1.297,2.5055,3.250
03:49:25.223,1.301,1.0215,1.330,1.303,2.4750,3.225,1.299,2.4510,3.185,1.297,2.5050,3.250
03:54:25.223,1.301,1.0175,1.325,1.302,2.4770,3.225,1.299,2.4505,3.185,1.297,2.5050,3.250
03:59:25.223,1.301,1.0160,1.320,1.303,2.4790,3.230,1.300,2.4450,3.180,1.297,2.5055,3.250
04:04:25.223,1.300,1.0110,1.315,1.302,2.4795,3.230,1.299,2.4405,3.170,1.298,2.5050,3.250
04:09:25.223,1.301,1.0085,1.310,1.302,2.4815,3.230,1.299,2.4410,3.170,1.297,2.5045,3.250
04:14:25.223,1.301,1.0055,1.310,1.302,2.4830,3.235,1.299,2.4390,3.170,1.297,2.5040,3.250
04:19:25.223,1.301,1.0030,1.305,1.303,2.4855,3.240,1.299,2.4365,3.165,1.298,2.5060,3.255
04:24:25.223,1.301,0.9980,1.300,1.302,2.4860,3.235,1.299,2.4330,3.160,1.298,2.5055,3.250
04:29:25.223,1.301,0.9960,1.295,1.302,2.4875,3.240,1.299,2.4320,3.160,1.298,2.5060,3.255
04:34:25.223,1.301,0.9915,1.290,1.302,2.4900,3.240,1.299,2.4255,3.150,1.297,2.5045,3.250
04:39:25.223,1.301,0.9880,1.285,1.303,2.4915,3.245,1.299,2.4250,3.150,1.297,2.5045,3.250
04:44:25.223,1.301,0.9830,1.280,1.302,2.4925,3.245,1.299,2.4220,3.145,1.297,2.5050,3.250
04:49:25.223,1.300,0.9770,1.270,1.302,2.4945,3.250,1.299,2.4195,3.145,1.297,2.5035,3.245
04:54:25.223,1.301,0.9735,1.265,1.303,2.4965,3.255,1.299,2.4160,3.140,1.298,2.5045,3.250
04:59:25.223,1.300,0.9660,1.255,1.303,2.4980,3.255,1.299,2.4090,3.130,1.297,2.5030,3.245
05:04:25.223,1.301,0.9645,1.255,1.302,2.4990,3.255,1.299,2.4100,3.130,1.297,2.5030,3.245
05:09:25.223,1.301,0.9605,1.250,1.302,2.5005,3.255,1.299,2.4100,3.130,1.297,2.5030,3.245
05:14:25.223,1.301,0.9560,1.245,1.302,2.5015,3.255,1.300,2.4025,3.125,1.297,2.5020,3.245
05:19:25.223,1.301,0.9545,1.240,1.302,2.5035,3.260,1.300,2.4005,3.120,1.297,2.5015,3.245
05:24:25.223,1.301,0.9490,1.235,1.302,2.5045,3.260,1.299,2.3895,3.105,1.297,2.5025,3.245
05:29:25.223,1.301,0.9415,1.225,1.302,2.5060,3.265,1.299,2.3895,3.105,1.297,2.5040,3.250
05:34:25.223,1.301,0.9370,1.220,1.302,2.5075,3.265,1.299,2.3870,3.100,1.297,2.5025,3.245
05:39:25.223,1.301,0.9340,1.215,1.302,2.5085,3.265,1.299,2.3850,3.100,1.297,2.5025,3.245
05:44:25.223,1.301,0.9320,1.215,1.303,2.5105,3.270,1.299,2.3785,3.090,1.297,2.5025,3.245
05:49:25.223,1.300,0.9260,1.205,1.302,2.5110,3.270,1.300,2.3765,3.090,1.298,2.5020,3.250
05:54:25.223,1.301,0.9200,1.195,1.302,2.5130,3.270,1.299,2.3695,3.080,1.297,2.5025,3.245
05:59:25.223,1.301,0.9150,1.190,1.302,2.5145,3.275,1.299,2.3705,3.080,1.297,2.5010,3.245
06:04:25.223,1.301,0.9105,1.185,1.302,2.5155,3.275,1.300,2.3670,3.075,1.298,2.5015,3.245
06:09:25.223,1.301,0.9090,1.185,1.302,2.5170,3.275,1.299,2.3595,3.065,1.298,2.5020,3.250
06:14:25.223,1.301,0.9050,1.175,1.302,2.5185,3.280,1.299,2.3540,3.060,1.298,2.5015,3.245
06:19:25.223,1.301,0.8995,1.170,1.303,2.5205,3.285,1.299,2.3520,3.055,1.298,2.5040,3.250
06:24:25.223,1.301,0.8950,1.165,1.302,2.5215,3.285,1.300,2.3525,3.060,1.298,2.5010,3.245
06:29:25.223,1.301,0.8890,1.155,1.303,2.5235,3.290,1.300,2.3420,3.045,1.298,2.5020,3.250
06:34:25.223,1.301,0.8855,1.150,1.302,2.5240,3.285,1.299,2.3395,3.040,1.298,2.5015,3.245
06:39:25.223,1.301,0.8810,1.145,1.302,2.5245,3.285,1.299,2.3390,3.040,1.298,2.5015,3.245
06:44:25.223,1.301,0.8775,1.140,1.302,2.5260,3.290,1.300,2.3350,3.035,1.298,2.5005,3.245
06:49:25.223,1.301,0.8745,1.140,1.302,2.5275,3.290,1.300,2.3335,3.035,1.298,2.5010,3.245
06:54:25.223,1.300,0.8705,1.130,1.302,2.5285,3.290,1.299,2.3255,3.020,1.297,2.5005,3.245
06:59:25.223,1.301,0.8655,1.125,1.302,2.5310,3.295,1.299,2.3235,3.020,1.298,2.5015,3.245
07:04:25.223,1.301,0.8615,1.120,1.302,2.5320,3.295,1.299,2.3135,3.005,1.298,2.5005,3.245
07:09:25.223,1.301,0.8575,1.115,1.302,2.5330,3.300,1.299,2.3150,3.005,1.297,2.4980,3.240
07:14:25.223,1.300,0.8550,1.110,1.302,2.5350,3.300,1.299,2.3125,3.005,1.297,2.5000,3.245
07:19:25.223,1.300,0.8550,1.110,1.302,2.5360,3.300,1.299,2.3045,2.995,1.297,2.4990,3.240
07:24:25.223,1.301,0.8530,1.110,1.302,2.5370,3.305,1.299,2.3005,2.990,1.298,2.5000,3.245
07:29:25.223,1.301,0.8465,1.100,1.302,2.5375,3.305,1.299,2.2950,2.980,1.298,2.5015,3.245
07:34:25.223,1.301,0.8400,1.095,1.302,2.5380,3.305,1.299,2.2915,2.975,1.297,2.4990,3.240
07:39:25.223,1.300,0.8340,1.085,1.302,2.5405,3.310,1.299,2.2900,2.975,1.298,2.4980,3.240
07:44:25.223,1.301,0.8300,1.080,1.302,2.5410,3.310,1.299,2.2845,2.970,1.298,2.5000,3.245
07:49:25.223,1.301,0.8235,1.070,1.302,2.5415,3.310,1.299,2.2870,2.970,1.298,2.4995,3.245
07:54:25.223,1.301,0.8195,1.065,1.302,2.5430,3.310,1.299,2.2770,2.960,1.298,2.5025,3.250
07:59:25.223,1.300,0.8130,1.055,1.302,2.5450,3.315,1.299,2.2800,2.960,1.297,2.4990,3.240
08:04:25.223,1.300,0.8095,1.050,1.302,2.5450,3.315,1.299,2.2745,2.955,1.298,2.4980,3.240
08:09:25.223,1.301,0.8055,1.050,1.302,2.5475,3.315,1.299,2.2730,2.955,1.298,2.4990,3.245
08:14:25.223,1.301,0.8000,1.040,1.302,2.5480,3.315,1.299,2.2640,2.940,1.298,2.4995,3.245
08:19:25.223,1.301,0.7965,1.035,1.302,2.5495,3.320,1.299,2.2565,2.930,1.297,2.4985,3.240
08:24:25.223,1.301,0.7935,1.030,1.302,2.5505,3.320,1.299,2.2535,2.925,1.298,2.4990,3.245
08:29:25.223,1.301,0.7885,1.025,1.302,2.5515,3.320,1.299,2.2515,2.925,1.298,2.4990,3.245
08:34:25.223,1.300,0.7840,1.020,1.302,2.5530,3.325,1.299,2.2485,2.920,1.297,2.4955,3.235
08:39:25.223,1.301,0.7815,1.015,1.302,2.5545,3.325,1.299,2.2480,2.920,1.297,2.4970,3.240
08:44:25.223,1.301,0.7785,1.015,1.302,2.5555,3.325,1.300,2.2455,2.920,1.297,2.4975,3.240
08:49:25.223,1.301,0.7770,1.010,1.302,2.5555,3.325,1.299,2.2420,2.910,1.297,2.4970,3.240
08:54:25.223,1.301,0.7725,1.005,1.302,2.5570,3.330,1.299,2.2415,2.910,1.298,2.4965,3.240
08:59:25.223,1.300,0.7665,0.995,1.302,2.5580,3.330,1.299,2.2285,2.895,1.298,2.4975,3.240
09:04:25.223,1.301,0.7625,0.990,1.302,2.5585,3.330,1.299,2.2265,2.890,1.297,2.4985,3.240
09:09:25.223,1.300,0.7570,0.985,1.302,2.5595,3.330,1.299,2.2240,2.890,1.297,2.4965,3.240
09:14:25.223,1.300,0.7540,0.980,1.302,2.5605,3.335,1.299,2.2270,2.895,1.297,2.4955,3.235
09:19:25.223,1.300,0.7500,0.975,1.302,2.5615,3.335,1.299,2.2200,2.885,1.297,2.4955,3.235
09:24:25.223,1.300,0.7495,0.975,1.302,2.5615,3.335,1.299,2.2125,2.875,1.297,2.4960,3.235
09:29:25.223,1.300,0.7445,0.970,1.303,2.5645,3.340,1.299,2.2060,2.865,1.297,2.4925,3.235
09:34:25.223,1.301,0.7400,0.965,1.302,2.5645,3.340,1.299,2.1975,2.855,1.297,2.4945,3.235
09:39:25.223,1.300,0.7360,0.955,1.303,2.5655,3.345,1.299,2.1950,2.850,1.297,2.4945,3.235
09:44:25.223,1.301,0.7330,0.955,1.302,2.5655,3.340,1.299,2.1905,2.845,1.298,2.4945,3.240
09:49:25.223,1.300,0.7300,0.950,1.302,2.5665,3.340,1.299,2.1890,2.845,1.298,2.4950,3.240
09:54:25.223,1.301,0.7320,0.950,1.303,2.5690,3.345,1.299,2.1845,2.840,1.297,2.4945,3.235
09:59:25.223,1.301,0.7290,0.950,1.302,2.5685,3.345,1.299,2.1810,2.835,1.297,2.4935,3.235
10:04:25.223,1.301,0.7235,0.940,1.303,2.5700,3.350,1.299,2.1775,2.830,1.298,2.4955,3.240
10:09:25.223,1.301,0.7200,0.935,1.302,2.5705,3.345,1.299,2.1725,2.820,1.297,2.4925,3.235
10:14:25.223,1.301,0.7170,0.935,1.303,2.5710,3.350,1.299,2.1660,2.815,1.298,2.4940,3.235
10:19:25.223,1.301,0.7150,0.930,1.303,2.5720,3.350,1.299,2.1650,2.810,1.298,2.4935,3.235
10:24:25.223,1.301,0.7115,0.925,1.302,2.5720,3.350,1.299,2.1575,2.805,1.298,2.4940,3.235
10:29:25.223,1.301,0.7080,0.920,1.302,2.5735,3.350,1.299,2.1590,2.805,1.297,2.4945,3.235
10:34:25.223,1.301,0.7040,0.915,1.302,2.5745,3.350,1.300,2.1525,2.800,1.297,2.4935,3.235
10:39:25.223,1.300,0.7010,0.910,1.303,2.5755,3.355,1.299,2.1490,2.790,1.297,2.4925,3.235
10:44:25.223,1.300,0.6985,0.910,1.302,2.5750,3.355,1.299,2.1510,2.795,1.298,2.4930,3.235
10:49:25.223,1.301,0.6960,0.905,1.302,2.5765,3.355,1.299,2.1370,2.775,1.297,2.4935,3.235
10:54:25.223,1.300,0.6930,0.900,1.303,2.5780,3.360,1.299,2.1355,2.775,1.297,2.4905,3.230
10:59:25.223,1.301,0.6905,0.900,1.302,2.5780,3.355,1.299,2.1385,2.780,1.297,2.4930,3.235
11:04:25.223,1.301,0.6865,0.895,1.302,2.5785,3.355,1.299,2.1270,2.765,1.297,2.4910,3.230
11:09:25.223,1.300,0.6810,0.885,1.302,2.5790,3.360,1.299,2.1150,2.745,1.297,2.4885,3.230
11:14:25.223,1.300,0.6775,0.880,1.302,2.5805,3.360,1.299,2.1165,2.750,1.297,2.4890,3.230
11:19:25.223,1.301,0.6755,0.880,1.303,2.5815,3.365,1.299,2.1140,2.745,1.297,2.4915,3.230
11:24:25.223,1.301,0.6720,0.875,1.303,2.5820,3.365,1.299,2.1155,2.750,1.297,2.4905,3.230
11:29:25.223,1.301,0.6670,0.870,1.302,2.5820,3.360,1.299,2.1095,2.740,1.297,2.4900,3.230
11:34:25.223,1.301,0.6640,0.865,1.302,2.5830,3.365,1.299,2.1005,2.730,1.297,2.4900,3.230
11:39:25.223,1.300,0.6600,0.860,1.303,2.5845,3.370,1.299,2.0905,2.715,1.297,2.4925,3.235
11:44:25.223,1.300,0.6585,0.855,1.302,2.5840,3.365,1.299,2.0890,2.715,1.297,2.4925,3.235
11:49:25.223,1.300,0.6575,0.855,1.302,2.5845,3.365,1.299,2.0870,2.710,1.297,2.4915,3.230
11:54:25.223,1.301,0.6555,0.855,1.302,2.5860,3.365,1.299,2.0915,2.715,1.297,2.4880,3.225
11:59:25.223,1.300,0.6515,0.845,1.302,2.5850,3.365,1.299,2.0860,2.710,1.297,2.4890,3.230
12:04:25.223,1.301,0.6495,0.845,1.302,2.5870,3.370,1.299,2.0700,2.690,1.297,2.4920,3.230
12:09:25.223,1.301,0.6465,0.840,1.302,2.5880,3.370,1.299,2.0730,2.695,1.297,2.4885,3.230
12:14:25.223,1.301,0.6435,0.835,1.302,2.5890,3.370,1.299,2.0730,2.695,1.297,2.4910,3.230
12:19:25.223,1.301,0.6415,0.835,1.302,2.5900,3.370,1.299,2.0655,2.685,1.297,2.4885,3.230
12:24:25.223,1.301,0.6380,0.830,1.302,2.5900,3.370,1.299,2.0610,2.675,1.298,2.4890,3.230
12:29:25.223,1.301,0.6365,0.830,1.302,2.5920,3.375,1.299,2.0525,2.665,1.297,2.4900,3.230
12:34:25.223,1.301,0.6325,0.825,1.302,2.5925,3.375,1.299,2.0520,2.665,1.297,2.4905,3.230
12:39:25.223,1.301,0.6280,0.815,1.302,2.5925,3.375,1.300,2.0480,2.660,1.297,2.4910,3.230
12:44:25.223,1.301,0.6265,0.815,1.302,2.5925,3.375,1.299,2.0405,2.650,1.297,2.4885,3.230
12:49:25.223,1.301,0.6235,0.810,1.302,2.5940,3.375,1.299,2.0305,2.640,1.297,2.4885,3.230
12:54:25.223,1.301,0.6205,0.805,1.303,2.5950,3.380,1.299,2.0325,2.640,1.297,2.4895,3.230
12:59:25.223,1.301,0.6175,0.805,1.302,2.5945,3.380,1.299,2.0270,2.635,1.298,2.4900,3.230
13:04:25.223,1.300,0.6135,0.800,1.303,2.5970,3.385,1.299,2.0240,2.630,1.297,2.4895,3.230
13:09:25.223,1.300,0.6105,0.795,1.303,2.5975,3.385,1.299,2.0155,2.620,1.297,2.4900,3.230
13:14:25.223,1.301,0.6105,0.795,1.302,2.5965,3.380,1.299,2.0145,2.615,1.298,2.4890,3.230
13:19:25.223,1.300,0.6070,0.790,1.303,2.5975,3.385,1.299,2.0135,2.615,1.297,2.4870,3.225
13:24:25.223,1.300,0.6045,0.785,1.303,2.5990,3.385,1.299,2.0075,2.610,1.297,2.4885,3.230
13:29:25.223,1.301,0.6030,0.785,1.302,2.5985,3.385,1.299,2.0035,2.605,1.298,2.4890,3.230
13:34:25.223,1.301,0.6005,0.780,1.303,2.5995,3.385,1.299,1.9960,2.595,1.297,2.4875,3.225
13:39:25.223,1.301,0.5980,0.780,1.302,2.6005,3.385,1.299,1.9945,2.590,1.298,2.4880,3.230
13:44:25.223,1.301,0.5965,0.775,1.302,2.6000,3.385,1.299,1.9910,2.585,1.298,2.4870,3.230
13:49:25.223,1.301,0.5930,0.770,1.302,2.6010,3.385,1.299,1.9835,2.575,1.297,2.4860,3.225
13:54:25.223,1.301,0.5905,0.770,1.302,2.6015,3.385,1.299,1.9805,2.575,1.297,2.4860,3.225
13:59:25.223,1.301,0.5870,0.765,1.303,2.6030,3.390,1.299,1.9725,2.560,1.297,2.4850,3.225
14:04:25.223,1.301,0.5860,0.760,1.302,2.6035,3.390,1.299,1.9695,2.560,1.297,2.4875,3.225
14:09:25.223,1.301,0.5830,0.760,1.303,2.6055,3.395,1.299,1.9625,2.550,1.297,2.4880,3.225
14:14:25.223,1.301,0.5805,0.755,1.303,2.6045,3.395,1.299,1.9595,2.545,1.297,2.4875,3.225
14:19:25.223,1.301,0.5785,0.755,1.303,2.6050,3.395,1.300,1.9570,2.545,1.297,2.4860,3.225
14:24:25.223,1.301,0.5750,0.750,1.303,2.6050,3.395,1.299,1.9510,2.535,1.297,2.4840,3.220
14:29:25.223,1.301,0.5710,0.745,1.303,2.6060,3.395,1.299,1.9455,2.525,1.298,2.4870,3.230
14:34:25.223,1.301,0.5685,0.740,1.302,2.6060,3.395,1.299,1.9405,2.520,1.297,2.4865,3.225
14:39:25.223,1.300,0.5650,0.735,1.302,2.6060,3.395,1.299,1.9375,2.515,1.297,2.4855,3.225
14:44:25.223,1.301,0.5625,0.730,1.303,2.6070,3.395,1.300,1.9360,2.515,1.298,2.4865,3.225
14:49:25.223,1.301,0.5605,0.730,1.302,2.6070,3.395,1.299,1.9305,2.510,1.297,2.4860,3.225
14:54:25.223,1.300,0.5560,0.725,1.302,2.6070,3.395,1.299,1.9270,2.505,1.298,2.4850,3.225
14:59:25.223,1.301,0.5545,0.720,1.302,2.6075,3.395,1.299,1.9190,2.495,1.297,2.4870,3.225
15:04:25.223,1.300,0.5505,0.715,1.302,2.6080,3.395,1.299,1.9135,2.485,1.298,2.4855,3.225
15:09:25.223,1.300,0.5490,0.715,1.302,2.6075,3.395,1.299,1.9110,2.480,1.297,2.4850,3.225
15:14:25.223,1.301,0.5465,0.710,1.302,2.6090,3.395,1.299,1.9065,2.475,1.297,2.4855,3.225
15:19:25.223,1.301,0.5450,0.710,1.303,2.6100,3.400,1.299,1.8965,2.465,1.297,2.4850,3.225
15:24:25.223,1.301,0.5440,0.710,1.302,2.6095,3.400,1.299,1.8895,2.455,1.298,2.4850,3.225
15:29:25.223,1.301,0.5420,0.705,1.302,2.6110,3.400,1.299,1.8875,2.450,1.297,2.4855,3.225
15:34:25.223,1.300,0.5380,0.700,1.303,2.6120,3.405,1.299,1.8815,2.445,1.297,2.4845,3.220
15:39:25.223,1.300,0.5355,0.695,1.302,2.6120,3.400,1.299,1.8770,2.440,1.297,2.4835,3.220
15:44:25.223,1.300,0.5330,0.695,1.303,2.6135,3.405,1.299,1.8755,2.435,1.297,2.4845,3.220
15:49:25.223,1.300,0.5300,0.690,1.302,2.6115,3.400,1.299,1.8725,2.430,1.297,2.4840,3.220
15:54:25.223,1.300,0.5275,0.685,1.302,2.6125,3.400,1.299,1.8655,2.425,1.297,2.4830,3.220
15:59:25.223,1.301,0.5255,0.685,1.302,2.6130,3.400,1.299,1.8670,2.425,1.297,2.4830,3.220
16:04:25.223,1.301,0.5285,0.690,1.303,2.6135,3.405,1.299,1.8545,2.410,1.297,2.4805,3.215
16:09:25.223,1.300,0.5295,0.690,1.302,2.6130,3.400,1.299,1.8500,2.405,1.297,2.4830,3.220
16:14:25.223,1.301,0.5320,0.690,1.303,2.6155,3.410,1.299,1.8410,2.390,1.297,2.4815,3.220
16:19:25.223,1.301,0.5280,0.685,1.302,2.6170,3.405,1.299,1.8420,2.395,1.297,2.4830,3.220
16:24:25.223,1.300,0.5200,0.675,1.302,2.6175,3.410,1.299,1.8355,2.385,1.297,2.4825,3.220
16:29:25.223,1.301,0.5145,0.670,1.302,2.6185,3.410,1.299,1.8235,2.370,1.297,2.4810,3.220
16:34:25.223,1.300,0.5105,0.665,1.302,2.6190,3.410,1.299,1.8190,2.365,1.297,2.4815,3.220
16:39:25.223,1.300,0.5075,0.660,1.303,2.6180,3.410,1.299,1.8195,2.365,1.297,2.4805,3.215
16:44:25.223,1.300,0.5040,0.655,1.302,2.6165,3.405,1.299,1.8685,2.425,1.297,2.4800,3.215
16:49:25.223,1.301,0.5010,0.650,1.302,2.6115,3.400,1.299,1.8245,2.370,1.298,2.4775,3.215
16:54:25.223,1.300,0.5005,0.650,1.302,2.6205,3.410,1.299,1.8035,2.345,1.297,2.4765,3.210
16:59:25.223,1.300,0.4975,0.645,1.303,2.6235,3.420,1.299,1.7960,2.335,1.297,2.4750,3.210
17:04:25.223,1.300,0.4950,0.645,1.303,2.6240,3.420,1.299,1.7875,2.320,1.298,2.4770,3.215
17:09:25.223,1.300,0.4925,0.640,1.303,2.6245,3.420,1.299,1.7790,2.310,1.297,2.4725,3.205
17:14:25.223,1.301,0.4910,0.640,1.303,2.6255,3.420,1.299,1.7765,2.310,1.297,2.4750,3.210
17:19:25.223,1.300,0.4875,0.635,1.303,2.6255,3.420,1.299,1.7665,2.295,1.297,2.4720,3.205
17:24:25.223,1.300,0.4845,0.630,1.303,2.6260,3.420,1.299,1.7680,2.295,1.298,2.4730,3.210
17:29:25.223,1.300,0.4850,0.630,1.303,2.6275,3.425,1.299,1.7515,2.275,1.297,2.4710,3.205
17:34:25.223,1.300,0.4830,0.630,1.303,2.6275,3.425,1.299,1.7495,2.275,1.297,2.4705,3.205
17:39:25.223,1.300,0.4800,0.625,1.303,2.6265,3.420,1.299,1.7435,2.265,1.297,2.4710,3.205
17:44:25.223,1.300,0.4785,0.620,1.303,2.6270,3.425,1.299,1.7370,2.255,1.297,2.4715,3.205
17:49:25.223,1.300,0.4755,0.620,1.303,2.6275,3.425,1.299,1.7350,2.255,1.297,2.4680,3.200
17:54:25.223,1.301,0.4745,0.615,1.303,2.6275,3.425,1.299,1.7295,2.245,1.298,2.4720,3.210
17:59:25.223,1.300,0.4710,0.610,1.303,2.6270,3.425,1.299,1.7230,2.240,1.297,2.4680,3.200
18:04:25.223,1.300,0.4680,0.610,1.303,2.6280,3.425,1.299,1.7195,2.235,1.297,2.4690,3.200
18:09:25.223,1.300,0.4660,0.605,1.303,2.6285,3.425,1.299,1.7115,2.225,1.297,2.4700,3.205
18:14:25.223,1.300,0.4640,0.605,1.303,2.6290,3.425,1.299,1.7095,2.220,1.297,2.4700,3.205
18:19:25.223,1.300,0.4615,0.600,1.303,2.6295,3.425,1.299,1.6970,2.205,1.297,2.4695,3.205
18:24:25.223,1.300,0.4585,0.595,1.303,2.6290,3.425,1.299,1.6920,2.200,1.297,2.4690,3.200
18:29:25.223,1.300,0.4565,0.595,1.303,2.6290,3.425,1.299,1.6830,2.185,1.297,2.4690,3.200
18:34:25.223,1.301,0.4540,0.590,1.303,2.6275,3.425,1.299,1.6725,2.175,1.297,2.4695,3.205
18:39:25.223,1.300,0.4500,0.585,1.303,2.6275,3.425,1.300,1.6715,2.175,1.297,2.4690,3.200
18:44:25.223,1.301,0.4500,0.585,1.303,2.6270,3.425,1.299,1.6605,2.155,1.297,2.4690,3.200
18:49:25.223,1.300,0.4470,0.580,1.302,2.6260,3.420,1.299,1.6585,2.155,1.297,2.4680,3.200
18:54:25.223,1.300,0.4440,0.575,1.303,2.6275,3.425,1.300,1.6500,2.145,1.297,2.4675,3.200
18:59:25.223,1.300,0.4450,0.580,1.302,2.6260,3.420,1.299,1.6455,2.140,1.297,2.4675,3.200
19:04:25.223,1.300,0.4435,0.575,1.302,2.6265,3.420,1.300,1.6415,2.135,1.297,2.4690,3.200
19:09:25.223,1.300,0.4420,0.575,1.303,2.6270,3.425,1.299,1.6295,2.115,1.297,2.4705,3.205
19:14:25.223,1.300,0.4390,0.570,1.303,2.6265,3.420,1.299,1.6235,2.110,1.297,2.4685,3.200
19:19:25.223,1.300,0.4365,0.565,1.302,2.6255,3.420,1.299,1.6175,2.100,1.297,2.4675,3.200
19:24:25.223,1.301,0.4350,0.565,1.303,2.6260,3.420,1.299,1.6100,2.090,1.297,2.4700,3.205
19:29:25.223,1.300,0.4305,0.560,1.303,2.6245,3.420,1.299,1.6020,2.080,1.297,2.4675,3.200
19:34:25.223,1.300,0.4285,0.555,1.303,2.6255,3.420,1.299,1.5955,2.075,1.298,2.4705,3.205
19:39:25.223,1.300,0.4270,0.555,1.302,2.6235,3.415,1.299,1.5870,2.060,1.298,2.4700,3.205
19:44:25.223,1.301,0.4265,0.555,1.303,2.6235,3.420,1.299,1.5835,2.055,1.297,2.4690,3.200
19:49:25.223,1.300,0.4225,0.550,1.303,2.6230,3.420,1.299,1.5810,2.055,1.297,2.4695,3.205
19:54:25.223,1.300,0.4205,0.545,1.302,2.6215,3.415,1.299,1.5730,2.045,1.297,2.4690,3.200
19:59:25.223,1.300,0.4190,0.545,1.302,2.6215,3.415,1.300,1.5705,2.040,1.297,2.4665,3.200
20:04:25.223,1.300,0.4175,0.545,1.302,2.6195,3.410,1.299,1.5670,2.035,1.298,2.4695,3.205
20:09:25.223,1.301,0.4145,0.540,1.302,2.6195,3.410,1.299,1.5590,2.025,1.298,2.4700,3.205
20:14:25.223,1.301,0.4120,0.535,1.302,2.6190,3.410,1.299,1.5490,2.010,1.297,2.4695,3.205
20:19:25.223,1.301,0.4095,0.535,1.302,2.6180,3.410,1.299,1.5410,2.000,1.297,2.4695,3.205
20:24:25.223,1.300,0.4070,0.530,1.303,2.6180,3.410,1.299,1.5300,1.985,1.297,2.4675,3.200
20:29:25.223,1.301,0.4060,0.530,1.303,2.6175,3.410,1.299,1.5290,1.985,1.297,2.4685,3.200
20:34:25.223,1.300,0.4045,0.525,1.302,2.6150,3.405,1.299,1.5260,1.980,1.297,2.4690,3.200
20:39:25.223,1.301,0.4040,0.525,1.302,2.6140,3.405,1.299,1.5175,1.970,1.297,2.4670,3.200
20:44:25.223,1.301,0.4015,0.520,1.302,2.6125,3.400,1.299,1.5130,1.965,1.297,2.4680,3.200
20:49:25.223,1.300,0.3985,0.520,1.302,2.6110,3.400,1.300,1.5035,1.955,1.297,2.4690,3.200
20:54:25.223,1.301,0.3960,0.515,1.303,2.6110,3.400,1.299,1.5010,1.950,1.297,2.4685,3.200
20:59:25.223,1.300,0.3930,0.510,1.303,2.6110,3.400,1.299,1.4910,1.935,1.297,2.4685,3.200
21:04:25.223,1.300,0.3910,0.510,1.302,2.6065,3.395,1.299,1.4850,1.930,1.297,2.4650,3.195
21:09:25.223,1.300,0.3890,0.505,1.302,2.6050,3.390,1.300,1.4845,1.930,1.297,2.4670,3.200
21:14:25.223,1.300,0.3870,0.505,1.302,2.6045,3.390,1.300,1.4755,1.920,1.298,2.4680,3.205
21:19:25.223,1.300,0.3855,0.500,1.302,2.6030,3.390,1.299,1.4605,1.895,1.297,2.4685,3.200
21:24:25.223,1.300,0.3840,0.500,1.302,2.6015,3.385,1.300,1.4545,1.890,1.298,2.4675,3.205
21:29:25.223,1.300,0.3810,0.495,1.303,2.6000,3.390,1.299,1.4465,1.880,1.298,2.4690,3.205
21:34:25.223,1.300,0.3790,0.495,1.302,2.5980,3.385,1.299,1.4425,1.875,1.297,2.4680,3.200
21:39:25.223,1.300,0.3765,0.490,1.302,2.5945,3.380,1.299,1.4360,1.865,1.298,2.4675,3.205
21:44:25.223,1.300,0.3745,0.485,1.303,2.5935,3.380,1.299,1.4225,1.850,1.297,2.4670,3.200
21:49:25.223,1.300,0.3725,0.485,1.302,2.5890,3.370,1.300,1.4200,1.845,1.297,2.4680,3.200
21:54:25.223,1.301,0.3705,0.480,1.302,2.5860,3.365,1.300,1.4130,1.835,1.297,2.4670,3.200
21:59:25.223,1.300,0.3680,0.480,1.302,2.5825,3.360,1.300,1.4040,1.825,1.297,2.4660,3.200
22:04:25.223,1.300,0.3650,0.475,1.302,2.5800,3.360,1.299,1.3995,1.820,1.297,2.4685,3.200
22:09:25.223,1.300,0.3630,0.470,1.302,2.5760,3.355,1.299,1.3915,1.810,1.297,2.4660,3.200
22:14:25.223,1.300,0.3610,0.470,1.303,2.5725,3.350,1.299,1.3775,1.790,1.297,2.4665,3.200
22:19:25.223,1.300,0.3600,0.470,1.302,2.5680,3.345,1.299,1.3755,1.785,1.297,2.4675,3.200
22:24:25.223,1.300,0.3585,0.465,1.302,2.5635,3.340,1.299,1.3670,1.775,1.297,2.4665,3.200
22:29:25.223,1.300,0.3570,0.465,1.302,2.5600,3.335,1.300,1.3585,1.765,1.297,2.4660,3.200
22:34:25.223,1.300,0.3555,0.460,1.303,2.5565,3.330,1.300,1.3600,1.770,1.297,2.4640,3.195
22:39:25.223,1.300,0.3535,0.460,1.303,2.5505,3.325,1.300,1.3590,1.765,1.297,2.4660,3.200
22:44:25.223,1.300,0.3510,0.455,1.303,2.5445,3.315,1.300,1.3505,1.755,1.297,2.4635,3.195
22:49:25.223,1.301,0.3500,0.455,1.302,2.5370,3.305,1.299,1.3345,1.735,1.297,2.4640,3.195
22:54:25.223,1.300,0.3470,0.450,1.303,2.5320,3.300,1.299,1.3250,1.720,1.297,2.4680,3.200
22:59:25.223,1.300,0.3450,0.450,1.303,2.5235,3.290,1.300,1.3205,1.715,1.297,2.4665,3.200
23:04:25.223,1.300,0.3435,0.445,1.303,2.5160,3.280,1.299,1.3075,1.700,1.297,2.4665,3.200
23:09:25.223,1.301,0.3415,0.445,1.302,2.5065,3.265,1.299,1.3050,1.695,1.297,2.4655,3.200
23:14:25.223,1.300,0.3390,0.440,1.303,2.5000,3.260,1.300,1.3020,1.695,1.297,2.4670,3.200
23:19:25.223,1.300,0.3385,0.440,1.302,2.4930,3.245,1.300,1.2985,1.690,1.297,2.4650,3.195
23:24:25.223,1.300,0.3355,0.435,1.303,2.4860,3.240,1.299,1.2915,1.680,1.298,2.4680,3.205
23:29:25.223,1.300,0.3335,0.435,1.302,2.4780,3.225,1.299,1.2860,1.670,1.298,2.4675,3.205
23:34:25.223,1.300,0.3310,0.430,1.303,2.4720,3.220,1.300,1.2780,1.660,1.298,2.4670,3.200
23:39:25.223,1.300,0.3290,0.430,1.303,2.4640,3.210,1.299,1.2700,1.650,1.298,2.4655,3.200
23:44:25.223,1.300,0.3265,0.425,1.302,2.4530,3.195,1.300,1.2655,1.645,1.298,2.4660,3.200
23:49:25.223,1.300,0.3250,0.425,1.302,2.4415,3.180,1.299,1.2530,1.630,1.297,2.4660,3.200
23:54:25.223,1.300,0.3225,0.420,1.302,2.4330,3.170,1.299,1.2415,1.615,1.297,2.4655,3.200
23:59:25.223,1.300,0.3210,0.415,1.302,2.4230,3.155,1.299,1.2405,1.610,1.297,2.4640,3.195
00:04:25.223,1.300,0.3190,0.415,1.302,2.4120,3.140,1.299,1.2330,1.600,1.297,2.4650,3.195
00:09:25.223,1.300,0.3160,0.410,1.303,2.4050,3.135,1.299,1.2285,1.595,1.297,2.4655,3.200
00:14:25.223,1.301,0.3150,0.410,1.302,2.3940,3.115,1.299,1.2200,1.585,1.297,2.4640,3.195
00:19:25.223,1.300,0.3130,0.405,1.302,2.3835,3.105,1.299,1.2135,1.575,1.297,2.4650,3.195
00:24:25.223,1.300,0.3100,0.405,1.302,2.3715,3.090,1.300,1.2065,1.570,1.297,2.4630,3.195
00:29:25.223,1.300,0.3080,0.400,1.303,2.3625,3.080,1.299,1.1995,1.560,1.297,2.4645,3.195
00:34:25.223,1.300,0.3075,0.400,1.302,2.3485,3.060,1.299,1.1935,1.550,1.297,2.4650,3.195
00:39:25.223,1.300,0.3060,0.400,1.302,2.3360,3.040,1.299,1.1875,1.545,1.297,2.4645,3.195
00:44:25.223,1.300,0.3050,0.395,1.303,2.3255,3.030,1.299,1.1865,1.540,1.297,2.4635,3.195
00:49:25.223,1.300,0.3020,0.395,1.302,2.3130,3.010,1.299,1.1745,1.525,1.297,2.4640,3.195
00:54:25.223,1.300,0.3005,0.390,1.302,2.3020,2.995,1.299,1.1660,1.515,1.297,2.4635,3.195
00:59:25.223,1.300,0.2990,0.390,1.302,2.2880,2.980,1.299,1.1615,1.510,1.297,2.4625,3.195
01:04:25.223,1.300,0.2975,0.385,1.302,2.2755,2.965,1.299,1.1610,1.510,1.297,2.4630,3.195
01:09:25.223,1.300,0.2960,0.385,1.303,2.2640,2.950,1.299,1.1515,1.495,1.297,2.4630,3.195
01:14:25.223,1.300,0.2945,0.385,1.302,2.2525,2.935,1.300,1.1465,1.490,1.297,2.4640,3.195
01:19:25.223,1.300,0.2925,0.380,1.302,2.2425,2.920,1.300,1.1375,1.480,1.297,2.4645,3.195
01:24:25.223,1.300,0.2905,0.380,1.302,2.2310,2.905,1.299,1.1285,1.465,1.297,2.4635,3.195
01:29:25.223,1.300,0.2895,0.375,1.302,2.2160,2.885,1.299,1.1225,1.460,1.297,2.4625,3.195
01:34:25.223,1.300,0.2880,0.375,1.302,2.2045,2.870,1.299,1.1160,1.450,1.297,2.4620,3.195
01:39:25.223,1.300,0.2850,0.370,1.302,2.1910,2.855,1.299,1.1150,1.450,1.297,2.4630,3.195
01:44:25.223,1.300,0.2840,0.370,1.302,2.1810,2.840,1.299,1.1040,1.435,1.297,2.4620,3.195
01:49:25.223,1.300,0.2825,0.365,1.302,2.1695,2.825,1.300,1.0995,1.430,1.297,2.4630,3.195
01:54:25.223,1.300,0.2810,0.365,1.302,2.1595,2.810,1.299,1.0895,1.415,1.297,2.4620,3.195
01:59:25.223,1.300,0.2795,0.365,1.302,2.1500,2.800,1.299,1.0830,1.405,1.297,2.4625,3.195
02:04:25.223,1.300,0.2785,0.360,1.302,2.1375,2.785,1.299,1.0755,1.395,1.297,2.4605,3.190
02:09:25.223,1.300,0.2770,0.360,1.302,2.1280,2.770,1.299,1.0685,1.390,1.298,2.4630,3.195
02:14:25.223,1.301,0.2750,0.360,1.302,2.1165,2.755,1.299,1.0580,1.375,1.297,2.4620,3.195
02:19:25.223,1.300,0.2735,0.355,1.303,2.1105,2.750,1.299,1.0520,1.365,1.297,2.4620,3.195
02:24:25.223,1.300,0.2720,0.355,1.302,2.0990,2.735,1.299,1.0410,1.350,1.297,2.4640,3.195
02:29:25.223,1.301,0.2710,0.355,1.302,2.0905,2.720,1.299,1.0370,1.345,1.297,2.4620,3.195
02:34:25.223,1.300,0.2690,0.350,1.302,2.0835,2.715,1.300,1.0385,1.350,1.297,2.4620,3.195
02:39:25.223,1.301,0.2680,0.350,1.302,2.0750,2.700,1.299,1.0275,1.335,1.297,2.4605,3.190
02:44:25.223,1.300,0.2660,0.345,1.302,2.0630,2.685,1.299,1.0215,1.325,1.297,2.4625,3.195
02:49:25.223,1.301,0.2660,0.345,1.302,2.0535,2.675,1.300,1.0160,1.320,1.297,2.4625,3.195
02:54:25.223,1.300,0.2640,0.345,1.302,2.0440,2.660,1.299,1.0115,1.315,1.297,2.4610,3.190
02:59:25.223,1.300,0.2620,0.340,1.302,2.0355,2.650,1.299,1.0045,1.305,1.297,2.4615,3.195
03:04:25.223,1.300,0.2605,0.340,1.302,2.0280,2.640,1.299,1.0010,1.300,1.297,2.4600,3.190
03:09:25.223,1.301,0.2605,0.340,1.302,2.0205,2.630,1.300,0.9930,1.290,1.297,2.4600,3.190
03:14:25.223,1.301,0.2590,0.335,1.302,2.0140,2.620,1.299,0.9865,1.280,1.297,2.4605,3.190
03:19:25.223,1.301,0.2575,0.335,1.302,2.0020,2.605,1.299,0.9750,1.265,1.297,2.4595,3.190
03:24:25.223,1.301,0.2565,0.335,1.302,1.9945,2.595,1.299,0.9720,1.265,1.297,2.4585,3.190
03:29:25.223,1.300,0.2545,0.330,1.302,1.9860,2.585,1.299,0.9685,1.260,1.297,2.4595,3.190
03:34:25.223,1.300,0.2530,0.330,1.302,1.9815,2.580,1.299,0.9635,1.250,1.297,2.4610,3.190
03:39:25.223,1.301,0.2530,0.330,1.302,1.9725,2.570,1.299,0.9565,1.240,1.297,2.4605,3.190
03:44:25.223,1.300,0.2505,0.325,1.302,1.9645,2.560,1.299,0.9545,1.240,1.297,2.4615,3.195
03:49:25.223,1.300,0.2495,0.325,1.302,1.9585,2.550,1.299,0.9450,1.230,1.297,2.4580,3.190
03:54:25.223,1.300,0.2490,0.325,1.302,1.9505,2.540,1.300,0.9370,1.220,1.297,2.4595,3.190
03:59:25.223,1.300,0.2470,0.320,1.302,1.9400,2.525,1.300,0.9305,1.210,1.297,2.4585,3.190
04:04:25.223,1.301,0.2475,0.320,1.302,1.9345,2.520,1.300,0.9250,1.205,1.297,2.4590,3.190
04:09:25.223,1.300,0.2440,0.315,1.302,1.9270,2.510,1.299,0.9160,1.190,1.297,2.4620,3.195
04:14:25.223,1.300,0.2435,0.315,1.302,1.9205,2.500,1.299,0.9125,1.185,1.297,2.4595,3.190
04:19:25.223,1.300,0.2420,0.315,1.302,1.9140,2.490,1.299,0.9060,1.175,1.297,2.4600,3.190
04:24:25.223,1.300,0.2415,0.315,1.302,1.9080,2.485,1.300,0.9065,1.180,1.297,2.4615,3.195
04:29:25.223,1.300,0.2400,0.310,1.302,1.9030,2.480,1.299,0.9040,1.175,1.298,2.4615,3.195
04:34:25.223,1.300,0.2390,0.310,1.302,1.8930,2.465,1.300,0.8985,1.170,1.298,2.4595,3.190
04:39:25.223,1.300,0.2380,0.310,1.302,1.8905,2.460,1.300,0.8975,1.165,1.297,2.4600,3.190
04:44:25.223,1.300,0.2365,0.305,1.302,1.8830,2.450,1.299,0.8865,1.150,1.297,2.4585,3.190
04:49:25.223,1.300,0.2360,0.305,1.302,1.8770,2.445,1.299,0.8800,1.145,1.297,2.4585,3.190
04:54:25.223,1.300,0.2345,0.305,1.302,1.8690,2.435,1.299,0.8760,1.140,1.297,2.4575,3.185
04:59:25.223,1.300,0.2340,0.305,1.302,1.8625,2.425,1.299,0.8685,1.130,1.297,2.4590,3.190
05:04:25.223,1.300,0.2325,0.300,1.302,1.8555,2.415,1.300,0.8675,1.130,1.298,2.4585,3.190
05:09:25.223,1.300,0.2320,0.300,1.302,1.8470,2.405,1.299,0.8630,1.120,1.297,2.4565,3.185
05:14:25.223,1.300,0.2300,0.300,1.302,1.8410,2.395,1.299,0.8560,1.110,1.297,2.4570,3.185
05:19:25.223,1.301,0.2310,0.300,1.302,1.8340,2.390,1.300,0.8525,1.110,1.297,2.4570,3.185
05:24:25.223,1.300,0.2285,0.295,1.302,1.8320,2.385,1.300,0.8485,1.105,1.297,2.4580,3.190
05:29:25.223,1.301,0.2280,0.295,1.302,1.8250,2.375,1.300,0.8420,1.095,1.298,2.4585,3.190
05:34:25.223,1.300,0.2255,0.295,1.302,1.8215,2.370,1.299,0.8350,1.085,1.297,2.4570,3.185
05:39:25.223,1.300,0.2255,0.295,1.302,1.8150,2.365,1.299,0.8310,1.080,1.297,2.4575,3.185
05:44:25.223,1.300,0.2245,0.290,1.302,1.8110,2.360,1.299,0.8280,1.075,1.297,2.4570,3.185
05:49:25.223,1.300,0.2235,0.290,1.302,1.8040,2.350,1.300,0.8315,1.080,1.297,2.4575,3.185
05:54:25.223,1.300,0.2215,0.290,1.302,1.8000,2.345,1.300,0.8285,1.075,1.298,2.4565,3.190
05:59:25.223,1.300,0.2200,0.285,1.302,1.7940,2.335,1.299,0.8230,1.070,1.297,2.4550,3.185
06:04:25.223,1.300,0.2200,0.285,1.302,1.7860,2.325,1.299,0.8180,1.065,1.298,2.4575,3.190
06:09:25.223,1.300,0.2190,0.285,1.302,1.7825,2.320,1.300,0.8155,1.060,1.297,2.4560,3.185
06:14:25.223,1.300,0.2185,0.285,1.302,1.7740,2.310,1.299,0.8110,1.055,1.297,2.4575,3.185
06:19:25.223,1.300,0.2170,0.280,1.302,1.7710,2.305,1.300,0.8110,1.055,1.297,2.4555,3.185
06:24:25.223,1.300,0.2165,0.280,1.302,1.7655,2.300,1.300,0.8030,1.045,1.298,2.4570,3.190
06:29:25.223,1.300,0.2160,0.280,1.303,1.7600,2.295,1.299,0.7980,1.035,1.297,2.4550,3.185
06:34:25.223,1.300,0.2155,0.280,1.302,1.7550,2.285,1.300,0.7965,1.035,1.297,2.4555,3.185
06:39:25.223,1.300,0.2155,0.280,1.302,1.7500,2.280,1.299,0.7920,1.030,1.297,2.4540,3.185
06:44:25.223,1.300,0.2135,0.280,1.302,1.7445,2.270,1.299,0.7860,1.020,1.297,2.4535,3.180
06:49:25.223,1.300,0.2125,0.275,1.302,1.7415,2.265,1.299,0.7860,1.020,1.297,2.4530,3.180
06:54:25.223,1.300,0.2115,0.275,1.302,1.7370,2.260,1.300,0.7820,1.015,1.297,2.4525,3.180
06:59:25.223,1.300,0.2115,0.275,1.302,1.7350,2.260,1.299,0.7790,1.010,1.297,2.4535,3.180
07:04:25.223,1.300,0.2105,0.275,1.302,1.7305,2.255,1.299,0.7725,1.005,1.297,2.4535,3.180
07:09:25.223,1.300,0.2095,0.270,1.302,1.7225,2.245,1.299,0.7700,1.000,1.297,2.4520,3.180
07:14:25.223,1.300,0.2095,0.270,1.302,1.7165,2.235,1.299,0.7680,1.000,1.297,2.4525,3.180
07:19:25.223,1.300,0.2090,0.270,1.302,1.7125,2.230,1.299,0.7655,0.995,1.297,2.4525,3.180
07:24:25.223,1.300,0.2075,0.270,1.302,1.7080,2.225,1.299,0.7625,0.990,1.297,2.4525,3.180
07:29:25.223,1.300,0.2070,0.270,1.302,1.7035,2.220,1.299,0.7605,0.990,1.297,2.4545,3.185
07:34:25.223,1.300,0.2065,0.270,1.302,1.6970,2.210,1.299,0.7615,0.990,1.297,2.4520,3.180
07:39:25.223,1.300,0.2060,0.270,1.302,1.6925,2.205,1.299,0.7570,0.985,1.297,2.4520,3.180
07:44:25.223,1.300,0.2050,0.265,1.302,1.6910,2.200,1.299,0.7545,0.980,1.297,2.4530,3.180
07:49:25.223,1.300,0.2050,0.265,1.302,1.6845,2.195,1.299,0.7520,0.975,1.297,2.4535,3.180
07:54:25.223,1.300,0.2040,0.265,1.302,1.6780,2.185,1.299,0.7515,0.975,1.297,2.4500,3.180
07:59:25.223,1.300,0.2025,0.265,1.302,1.6745,2.180,1.299,0.7515,0.975,1.297,2.4520,3.180
08:04:25.223,1.300,0.2025,0.265,1.302,1.6720,2.175,1.299,0.7485,0.970,1.297,2.4515,3.180
08:09:25.223,1.300,0.2015,0.260,1.302,1.6655,2.170,1.300,0.7480,0.970,1.297,2.4520,3.180
08:14:25.223,1.300,0.2020,0.265,1.302,1.6605,2.160,1.299,0.7435,0.965,1.297,2.4510,3.180
08:19:25.223,1.300,0.2010,0.260,1.302,1.6540,2.155,1.300,0.7430,0.965,1.297,2.4500,3.180
08:24:25.223,1.300,0.2010,0.260,1.302,1.6490,2.145,1.299,0.7410,0.965,1.297,2.4490,3.175
08:29:25.223,1.300,0.1995,0.260,1.302,1.6435,2.140,1.300,0.7380,0.960,1.297,2.4490,3.175
08:34:25.223,1.300,0.1990,0.260,1.302,1.6385,2.135,1.299,0.7330,0.950,1.297,2.4520,3.180
08:39:25.223,1.300,0.1990,0.260,1.302,1.6330,2.125,1.299,0.7310,0.950,1.297,2.4500,3.180
08:44:25.223,1.300,0.1990,0.260,1.302,1.6260,2.115,1.300,0.7320,0.950,1.297,2.4500,3.180
08:49:25.223,1.300,0.1970,0.255,1.302,1.6200,2.110,1.300,0.7330,0.955,1.297,2.4500,3.180
08:54:25.223,1.300,0.1975,0.255,1.302,1.6155,2.105,1.300,0.7280,0.945,1.298,2.4515,3.180
08:59:25.223,1.300,0.1955,0.255,1.302,1.6090,2.095,1.299,0.7235,0.940,1.298,2.4525,3.185
09:04:25.223,1.300,0.1950,0.255,1.302,1.6015,2.085,1.299,0.7190,0.935,1.297,2.4490,3.175
09:09:25.223,1.300,0.1955,0.255,1.302,1.5965,2.080,1.299,0.7165,0.930,1.297,2.4485,3.175
09:14:25.223,1.300,0.1940,0.250,1.302,1.5915,2.070,1.299,0.7150,0.930,1.297,2.4490,3.175
09:19:25.223,1.300,0.1940,0.250,1.302,1.5850,2.065,1.299,0.7110,0.925,1.297,2.4490,3.175
09:24:25.223,1.300,0.1930,0.250,1.302,1.5795,2.055,1.299,0.7100,0.920,1.297,2.4465,3.175
09:29:25.223,1.300,0.1930,0.250,1.302,1.5735,2.050,1.299,0.7100,0.920,1.297,2.4490,3.175
09:34:25.223,1.300,0.1925,0.250,1.302,1.5680,2.040,1.299,0.7095,0.920,1.298,2.4500,3.180
09:39:25.223,1.300,0.1925,0.250,1.302,1.5635,2.035,1.299,0.7080,0.920,1.297,2.4485,3.175
09:44:25.223,1.300,0.1915,0.250,1.302,1.5585,2.030,1.299,0.7065,0.920,1.297,2.4465,3.175
09:49:25.223,1.300,0.1945,0.255,1.302,1.5620,2.035,1.299,0.7790,1.010,1.297,2.5095,3.255
09:54:25.223,1.300,0.1975,0.255,1.302,1.5615,2.035,1.299,0.8895,1.155,1.298,2.4905,3.235
09:59:25.223,1.300,0.1980,0.255,1.303,1.5560,2.025,1.300,0.8980,1.165,1.297,2.4800,3.215
10:04:25.223,1.300,0.1965,0.255,1.302,1.5470,2.015,1.300,0.8600,1.120,1.297,2.4735,3.210
10:09:25.223,1.300,0.1960,0.255,1.302,1.5385,2.005,1.300,0.8135,1.060,1.297,2.4710,3.205
10:14:25.223,1.300,0.1955,0.255,1.302,1.5305,1.995,1.300,0.7740,1.005,1.298,2.4700,3.205
10:19:25.223,1.300,0.1935,0.250,1.302,1.5250,1.985,1.299,0.7420,0.965,1.298,2.4685,3.205
10:24:25.223,1.300,0.1930,0.250,1.302,1.5185,1.975,1.299,0.7165,0.930,1.297,2.4670,3.200
10:29:25.223,1.300,0.1920,0.250,1.302,1.5120,1.970,1.299,0.6970,0.905,1.298,2.4680,3.205
10:34:25.223,1.300,0.1920,0.250,1.302,1.5060,1.960,1.300,0.6855,0.890,1.298,2.4685,3.205
10:39:25.223,1.300,0.1905,0.250,1.302,1.4995,1.950,1.299,0.6730,0.875,1.298,2.4645,3.200
10:44:25.223,1.300,0.1895,0.245,1.302,1.4940,1.945,1.299,0.6670,0.865,1.297,2.4645,3.195
10:49:25.223,1.300,0.1890,0.245,1.302,1.4885,1.940,1.299,0.6565,0.855,1.298,2.4650,3.200
10:54:25.223,1.300,0.1885,0.245,1.302,1.4815,1.930,1.299,0.6515,0.845,1.298,2.4670,3.200
10:59:25.223,1.300,0.1875,0.245,1.302,1.4740,1.920,1.299,0.6455,0.840,1.298,2.4630,3.195
11:04:25.223,1.300,0.1880,0.245,1.302,1.4670,1.910,1.299,0.6400,0.830,1.298,2.4640,3.200
11:09:25.223,1.300,0.1880,0.245,1.302,1.4645,1.905,1.299,0.6350,0.825,1.298,2.4620,3.195
11:14:25.223,1.300,0.1860,0.240,1.302,1.4570,1.895,1.300,0.6345,0.825,1.298,2.4610,3.195
11:19:25.223,1.300,0.1850,0.240,1.302,1.4520,1.890,1.299,0.6295,0.820,1.298,2.4590,3.190
11:24:25.223,1.300,0.1845,0.240,1.302,1.4435,1.880,1.299,0.6265,0.815,1.298,2.4595,3.190
11:29:25.223,1.300,0.1840,0.240,1.302,1.4375,1.870,1.299,0.6225,0.810,1.298,2.4575,3.190
11:34:25.223,1.300,0.1825,0.235,1.302,1.4295,1.860,1.299,0.6175,0.800,1.297,2.4570,3.185
11:39:25.223,1.300,0.1835,0.240,1.302,1.4235,1.855,1.299,0.6150,0.800,1.297,2.4560,3.185
11:44:25.223,1.300,0.1820,0.235,1.302,1.4175,1.845,1.299,0.6125,0.795,1.297,2.4545,3.185
11:49:25.223,1.300,0.1820,0.235,1.302,1.4115,1.840,1.299,0.6130,0.795,1.298,2.4545,3.185
11:54:25.223,1.300,0.1810,0.235,1.302,1.4065,1.830,1.299,0.6115,0.795,1.298,2.4535,3.185
11:59:25.223,1.300,0.1825,0.235,1.302,1.4100,1.835,1.298,0.6070,0.790,1.298,2.4550,3.185
12:04:25.223,1.300,0.1815,0.235,1.302,1.4135,1.840,1.299,0.6345,0.825,1.298,2.4565,3.190
12:09:25.223,1.300,0.1905,0.250,1.302,1.4340,1.865,1.299,0.7905,1.025,1.298,2.5085,3.255
12:14:25.223,1.300,0.2030,0.265,1.302,1.4450,1.880,1.299,0.8660,1.125,1.298,2.4970,3.240
12:19:25.223,1.300,0.2210,0.285,1.302,1.4595,1.900,1.299,0.9100,1.180,1.298,2.4905,3.235
12:24:25.223,1.300,0.2420,0.315,1.302,1.4760,1.920,1.299,0.9500,1.235,1.298,2.4885,3.230
12:29:25.223,1.300,0.2655,0.345,1.302,1.4940,1.945,1.300,0.9840,1.280,1.298,2.4900,3.230
12:34:25.223,1.300,0.2870,0.375,1.302,1.5100,1.965,1.299,1.0300,1.340,1.298,2.4930,3.235
12:39:25.223,1.300,0.3100,0.405,1.302,1.5285,1.990,1.299,1.0780,1.400,1.298,2.4940,3.235
12:44:25.223,1.300,0.3305,0.430,1.302,1.5450,2.010,1.299,1.1270,1.465,1.298,2.4950,3.240
12:49:25.223,1.300,0.3495,0.455,1.302,1.5615,2.035,1.299,1.1735,1.525,1.297,2.4955,3.235
12:54:25.223,1.300,0.3670,0.475,1.302,1.5765,2.055,1.299,1.2190,1.585,1.297,2.4975,3.240
12:59:25.223,1.300,0.3845,0.500,1.302,1.5905,2.070,1.299,1.2595,1.635,1.297,2.4995,3.240
13:04:25.223,1.300,0.4010,0.520,1.302,1.6090,2.095,1.299,1.3005,1.690,1.298,2.5000,3.245
13:09:25.223,1.300,0.4185,0.545,1.302,1.6140,2.100,1.300,1.3420,1.745,1.298,2.5025,3.250
13:14:25.223,1.300,0.4340,0.565,1.302,1.6245,2.115,1.299,1.3780,1.790,1.298,2.5020,3.250
13:19:25.223,1.300,0.4500,0.585,1.302,1.6470,2.145,1.299,1.4170,1.840,1.298,2.5020,3.250
13:24:25.223,1.300,0.4675,0.610,1.302,1.6565,2.155,1.300,1.4600,1.900,1.297,2.5065,3.250
13:29:25.223,1.300,0.4815,0.625,1.302,1.6625,2.165,1.299,1.4990,1.945,1.298,2.5060,3.255
13:34:25.223,1.300,0.4965,0.645,1.302,1.6685,2.170,1.299,1.5490,2.010,1.298,2.5040,3.250
13:39:25.223,1.300,0.5090,0.660,1.302,1.6730,2.180,1.299,1.6010,2.080,1.298,2.5060,3.255
13:44:25.223,1.300,0.5230,0.680,1.302,1.6775,2.185,1.299,1.6595,2.155,1.298,2.5070,3.255
13:49:25.223,1.300,0.5350,0.695,1.302,1.6820,2.190,1.299,1.7225,2.240,1.297,2.5085,3.255
13:54:25.223,1.300,0.5465,0.710,1.302,1.6915,2.200,1.299,1.7815,2.315,1.297,2.5080,3.255
13:59:25.223,1.300,0.5575,0.725,1.302,1.6965,2.210,1.299,1.8425,2.395,1.298,2.5090,3.255
14:04:25.223,1.300,0.5675,0.740,1.302,1.6985,2.210,1.299,1.8995,2.465,1.298,2.5090,3.255
14:09:25.223,1.300,0.5775,0.750,1.302,1.7020,2.215,1.299,1.9550,2.540,1.297,2.5070,3.250
14:14:25.223,1.300,0.5870,0.765,1.302,1.7055,2.220,1.299,2.0015,2.600,1.297,2.5090,3.255
