,Timestamp,U1[V],I1[A],P1[W],U2[V],I2[A],P2[W],U3[V],I3[A],P3[W],U4[V],I4[A],P4[W]
0,14:19:25.223,1.3019999999999998,2.726,3.55,1.3019999999999998,2.075,2.7,1.2990000000000002,2.8075,3.645,1.298,2.561,3.325
1,14:24:25.223,1.301,2.451,3.19,1.3019999999999998,1.905,2.48,1.2990000000000002,2.739,3.56,1.298,2.545,3.305
2,14:29:25.223,1.301,2.3145,3.01,1.3019999999999998,1.825,2.375,1.2990000000000002,2.6965,3.505,1.298,2.522,3.275
3,14:34:25.223,1.301,2.228,2.9,1.3019999999999998,1.79,2.33,1.2990000000000002,2.67,3.47,1.298,2.512,3.26
4,14:39:25.223,1.3,2.1695,2.82,1.3019999999999998,1.7815,2.32,1.2990000000000002,2.6535,3.445,1.297,2.5025,3.245
5,14:44:25.223,1.301,2.131,2.77,1.3019999999999998,1.783,2.32,1.2990000000000002,2.64,3.43,1.297,2.4975,3.24
6,14:49:25.223,1.301,2.097,2.73,1.3019999999999998,1.7885,2.33,1.2990000000000002,2.63,3.415,1.298,2.499,3.245
7,14:54:25.223,1.301,2.067,2.69,1.3019999999999998,1.7925,2.335,1.2990000000000002,2.6185,3.4,1.298,2.4945,3.24
8,14:59:25.223,1.3,2.04,2.65,1.3019999999999998,1.796,2.34,1.2990000000000002,2.6095,3.39,1.298,2.49,3.23
9,15:04:25.223,1.3,2.016,2.62,1.3030000000000002,1.7995,2.345,1.2990000000000002,2.6045,3.385,1.298,2.488,3.23
10,15:09:25.223,1.301,1.9995,2.6,1.3030000000000002,1.802,2.35,1.2990000000000002,2.5965,3.375,1.298,2.49,3.23
11,15:14:25.223,1.301,1.978,2.575,1.3019999999999998,1.805,2.35,1.3,2.595,3.375,1.298,2.4875,3.23
12,15:19:25.223,1.301,1.9595,2.55,1.3019999999999998,1.808,2.355,1.2990000000000002,2.5895,3.365,1.298,2.489,3.23
13,15:24:25.223,1.301,1.9435,2.53,1.3019999999999998,1.812,2.36,1.2990000000000002,2.585,3.36,1.298,2.4885,3.23
14,15:29:25.223,1.301,1.9275,2.51,1.3019999999999998,1.816,2.365,1.2990000000000002,2.5845,3.355,1.298,2.489,3.23
15,15:34:25.223,1.301,1.9135,2.49,1.3019999999999998,1.8215,2.37,1.2990000000000002,2.5815,3.355,1.297,2.4905,3.23
16,15:39:25.223,1.301,1.896,2.465,1.3030000000000002,1.8265,2.38,1.2990000000000002,2.5795,3.35,1.298,2.493,3.235
17,15:44:25.223,1.301,1.881,2.445,1.3019999999999998,1.83,2.385,1.2990000000000002,2.5775,3.35,1.298,2.4915,3.235
18,15:49:25.223,1.301,1.8665,2.43,1.3019999999999998,1.835,2.39,1.2990000000000002,2.572,3.34,1.298,2.493,3.235
19,15:54:25.223,1.3,1.849,2.405,1.3019999999999998,1.839,2.395,1.2990000000000002,2.57,3.34,1.298,2.492,3.235
20,15:59:25.223,1.301,1.8355,2.39,1.3019999999999998,1.844,2.4,1.2990000000000002,2.5685,3.335,1.298,2.4935,3.235
21,16:04:25.223,1.3,1.8205,2.365,1.3019999999999998,1.851,2.41,1.2990000000000002,2.5665,3.335,1.297,2.4925,3.235
22,16:09:25.223,1.3,1.8065,2.35,1.3019999999999998,1.857,2.42,1.3,2.568,3.34,1.298,2.4945,3.24
23,16:14:25.223,1.301,1.7965,2.335,1.3019999999999998,1.863,2.425,1.2990000000000002,2.566,3.335,1.298,2.4985,3.245
24,16:19:25.223,1.3,1.78,2.315,1.3019999999999998,1.869,2.435,1.2990000000000002,2.5645,3.33,1.298,2.498,3.24
25,16:24:25.223,1.301,1.7705,2.305,1.3019999999999998,1.877,2.445,1.2990000000000002,2.56,3.325,1.298,2.5,3.245
26,16:29:25.223,1.3,1.7575,2.285,1.3019999999999998,1.8835,2.45,1.2990000000000002,2.559,3.325,1.298,2.5,3.245
27,16:34:25.223,1.3,1.744,2.265,1.3019999999999998,1.8915,2.465,1.2990000000000002,2.558,3.325,1.298,2.499,3.245
28,16:39:25.223,1.3,1.732,2.25,1.3019999999999998,1.899,2.47,1.2990000000000002,2.5565,3.32,1.297,2.5,3.245
29,16:44:25.223,1.3,1.7205,2.235,1.3019999999999998,1.9085,2.485,1.2990000000000002,2.555,3.32,1.298,2.502,3.25
30,16:49:25.223,1.3,1.711,2.225,1.3019999999999998,1.9175,2.495,1.2990000000000002,2.5535,3.315,1.298,2.5045,3.25
31,16:54:25.223,1.3,1.701,2.21,1.3019999999999998,1.927,2.51,1.2990000000000002,2.5575,3.32,1.297,2.504,3.25
32,16:59:25.223,1.3,1.691,2.2,1.3019999999999998,1.937,2.52,1.2990000000000002,2.5545,3.32,1.298,2.506,3.255
33,17:04:25.223,1.3,1.683,2.19,1.3019999999999998,1.947,2.535,1.2990000000000002,2.557,3.32,1.298,2.5075,3.255
34,17:09:25.223,1.3,1.6725,2.175,1.3019999999999998,1.9585,2.55,1.2990000000000002,2.556,3.32,1.298,2.509,3.255
35,17:14:25.223,1.3,1.663,2.16,1.3019999999999998,1.9695,2.565,1.2990000000000002,2.555,3.32,1.298,2.5065,3.255
36,17:19:25.223,1.3,1.6545,2.15,1.3019999999999998,1.981,2.58,1.2990000000000002,2.5545,3.32,1.298,2.509,3.255
37,17:24:25.223,1.3,1.644,2.135,1.3019999999999998,1.9925,2.595,1.2990000000000002,2.556,3.32,1.298,2.512,3.26
38,17:29:25.223,1.3,1.634,2.125,1.3019999999999998,2.0035,2.61,1.2990000000000002,2.556,3.32,1.298,2.5125,3.26
39,17:34:25.223,1.3,1.6255,2.115,1.3019999999999998,2.015,2.625,1.2990000000000002,2.556,3.32,1.298,2.516,3.265
40,17:39:25.223,1.3,1.617,2.1,1.3019999999999998,2.026,2.64,1.2990000000000002,2.5565,3.32,1.298,2.5145,3.265
41,17:44:25.223,1.3,1.61,2.095,1.3019999999999998,2.0375,2.655,1.2990000000000002,2.5555,3.32,1.297,2.516,3.265
42,17:49:25.223,1.3,1.6015,2.08,1.3019999999999998,2.0475,2.665,1.2990000000000002,2.5565,3.32,1.298,2.516,3.265
43,17:54:25.223,1.3,1.5925,2.07,1.3019999999999998,2.0575,2.68,1.2990000000000002,2.555,3.32,1.298,2.5175,3.27
44,17:59:25.223,1.3,1.5875,2.065,1.3019999999999998,2.068,2.695,1.2990000000000002,2.554,3.32,1.298,2.5205,3.27
45,18:04:25.223,1.3,1.5785,2.05,1.3030000000000002,2.0785,2.71,1.2990000000000002,2.555,3.32,1.298,2.519,3.27
46,18:09:25.223,1.3,1.571,2.04,1.3019999999999998,2.086,2.715,1.2990000000000002,2.5555,3.32,1.297,2.518,3.265
47,18:14:25.223,1.3,1.5645,2.035,1.3019999999999998,2.095,2.73,1.2990000000000002,2.554,3.32,1.298,2.521,3.27
48,18:19:25.223,1.3,1.558,2.025,1.3019999999999998,2.1035,2.74,1.2990000000000002,2.5555,3.32,1.298,2.519,3.27
49,18:24:25.223,1.3,1.55,2.015,1.3030000000000002,2.112,2.75,1.2990000000000002,2.554,3.32,1.298,2.521,3.27
50,18:29:25.223,1.3,1.543,2.005,1.3030000000000002,2.1195,2.76,1.2990000000000002,2.5545,3.32,1.297,2.522,3.27
51,18:34:25.223,1.3,1.5365,1.995,1.3019999999999998,2.125,2.765,1.2990000000000002,2.5555,3.32,1.298,2.523,3.275
52,18:39:25.223,1.3,1.5325,1.99,1.3019999999999998,2.133,2.775,1.2990000000000002,2.554,3.32,1.297,2.5215,3.27
53,18:44:25.223,1.3,1.5225,1.98,1.3019999999999998,2.14,2.785,1.2990000000000002,2.5545,3.32,1.298,2.5225,3.275
54,18:49:25.223,1.3,1.5165,1.97,1.3030000000000002,2.1465,2.795,1.2990000000000002,2.555,3.32,1.298,2.525,3.275
55,18:54:25.223,1.3,1.5115,1.965,1.3019999999999998,2.152,2.8,1.2990000000000002,2.556,3.32,1.298,2.5235,3.275
56,18:59:25.223,1.3,1.505,1.955,1.3030000000000002,2.159,2.815,1.2990000000000002,2.5545,3.32,1.298,2.523,3.275
57,19:04:25.223,1.3,1.4985,1.95,1.3019999999999998,2.164,2.82,1.2990000000000002,2.5545,3.32,1.298,2.5255,3.28
58,19:09:25.223,1.3,1.495,1.945,1.3019999999999998,2.17,2.825,1.2990000000000002,2.556,3.32,1.298,2.525,3.275
59,19:14:25.223,1.3,1.4895,1.935,1.3019999999999998,2.176,2.835,1.2990000000000002,2.5565,3.32,1.298,2.5255,3.28
60,19:19:25.223,1.301,1.4835,1.93,1.3019999999999998,2.1805,2.84,1.2990000000000002,2.5575,3.32,1.297,2.526,3.275
61,19:24:25.223,1.3,1.4775,1.92,1.3019999999999998,2.186,2.845,1.2990000000000002,2.5545,3.32,1.297,2.525,3.275
62,19:29:25.223,1.3,1.472,1.915,1.3030000000000002,2.1915,2.855,1.2990000000000002,2.5565,3.32,1.298,2.526,3.28
63,19:34:25.223,1.3,1.466,1.905,1.3030000000000002,2.1965,2.86,1.2990000000000002,2.555,3.32,1.298,2.5245,3.275
64,19:39:25.223,1.301,1.4605,1.9,1.3019999999999998,2.201,2.865,1.2990000000000002,2.5565,3.32,1.297,2.5245,3.275
65,19:44:25.223,1.3,1.454,1.89,1.3030000000000002,2.207,2.875,1.2990000000000002,2.5555,3.32,1.298,2.5255,3.28
66,19:49:25.223,1.3,1.449,1.885,1.3030000000000002,2.2105,2.88,1.2990000000000002,2.5565,3.32,1.297,2.5245,3.275
67,19:54:25.223,1.301,1.4435,1.88,1.3019999999999998,2.2135,2.88,1.2990000000000002,2.555,3.32,1.297,2.523,3.27
68,19:59:25.223,1.3,1.4385,1.87,1.3030000000000002,2.2185,2.89,1.2990000000000002,2.556,3.32,1.297,2.5265,3.275
69,20:04:25.223,1.3,1.4315,1.86,1.3019999999999998,2.2235,2.895,1.2990000000000002,2.556,3.32,1.297,2.5245,3.275
70,20:09:25.223,1.301,1.4285,1.86,1.3030000000000002,2.2275,2.9,1.2990000000000002,2.5545,3.32,1.297,2.523,3.27
71,20:14:25.223,1.301,1.4245,1.855,1.3019999999999998,2.232,2.905,1.2990000000000002,2.553,3.315,1.298,2.5255,3.28
72,20:19:25.223,1.3,1.419,1.845,1.3019999999999998,2.2355,2.91,1.2990000000000002,2.5565,3.32,1.298,2.5235,3.275
73,20:24:25.223,1.3,1.414,1.84,1.3019999999999998,2.239,2.915,1.2990000000000002,2.5555,3.32,1.297,2.5235,3.275
74,20:29:25.223,1.301,1.409,1.835,1.3019999999999998,2.2435,2.92,1.2990000000000002,2.5535,3.315,1.297,2.5215,3.27
75,20:34:25.223,1.3,1.4025,1.825,1.3030000000000002,2.248,2.93,1.2990000000000002,2.5535,3.315,1.297,2.522,3.27
76,20:39:25.223,1.3,1.397,1.815,1.3019999999999998,2.251,2.93,1.2990000000000002,2.5535,3.315,1.297,2.523,3.27
77,20:44:25.223,1.3,1.3915,1.81,1.3019999999999998,2.2545,2.935,1.2990000000000002,2.554,3.32,1.298,2.5245,3.275
78,20:49:25.223,1.3,1.388,1.805,1.3030000000000002,2.259,2.945,1.2990000000000002,2.5535,3.315,1.297,2.522,3.27
79,20:54:25.223,1.3,1.3825,1.795,1.3019999999999998,2.2625,2.945,1.2990000000000002,2.553,3.315,1.298,2.5225,3.275
80,20:59:25.223,1.3,1.376,1.79,1.3019999999999998,2.2665,2.95,1.2990000000000002,2.5515,3.315,1.297,2.521,3.27
81,21:04:25.223,1.3,1.3685,1.78,1.3019999999999998,2.2695,2.955,1.2990000000000002,2.5535,3.315,1.297,2.522,3.27
82,21:09:25.223,1.3,1.3635,1.775,1.3030000000000002,2.274,2.965,1.2990000000000002,2.553,3.315,1.297,2.5205,3.27
83,21:14:25.223,1.3,1.3585,1.765,1.3030000000000002,2.277,2.965,1.2990000000000002,2.549,3.31,1.297,2.518,3.265
84,21:19:25.223,1.3,1.3535,1.76,1.3019999999999998,2.2795,2.97,1.2990000000000002,2.5485,3.31,1.297,2.521,3.27
85,21:24:25.223,1.301,1.3505,1.755,1.3030000000000002,2.284,2.975,1.2990000000000002,2.5525,3.315,1.297,2.519,3.265
86,21:29:25.223,1.3,1.3465,1.75,1.3030000000000002,2.288,2.98,1.2990000000000002,2.5505,3.315,1.298,2.5215,3.275
87,21:34:25.223,1.3,1.342,1.745,1.3030000000000002,2.2905,2.985,1.2990000000000002,2.5495,3.31,1.297,2.52,3.27
88,21:39:25.223,1.3,1.3385,1.74,1.3030000000000002,2.2945,2.99,1.2990000000000002,2.548,3.31,1.298,2.52,3.27
89,21:44:25.223,1.3,1.3335,1.735,1.3030000000000002,2.2975,2.995,1.2990000000000002,2.5455,3.305,1.297,2.5185,3.265
90,21:49:25.223,1.3,1.3295,1.73,1.3030000000000002,2.302,3.0,1.2990000000000002,2.549,3.31,1.297,2.519,3.265
91,21:54:25.223,1.3,1.3235,1.72,1.3030000000000002,2.3045,3.005,1.2990000000000002,2.547,3.31,1.298,2.52,3.27
92,21:59:25.223,1.3,1.318,1.715,1.3019999999999998,2.306,3.0,1.2990000000000002,2.547,3.31,1.298,2.5185,3.27
93,22:04:25.223,1.3,1.314,1.71,1.3019999999999998,2.309,3.005,1.298,2.5445,3.305,1.298,2.5195,3.27
94,22:09:25.223,1.3,1.3105,1.705,1.3030000000000002,2.3125,3.015,1.2990000000000002,2.544,3.305,1.298,2.5195,3.27
95,22:14:25.223,1.301,1.307,1.7,1.3030000000000002,2.316,3.02,1.2990000000000002,2.545,3.305,1.297,2.518,3.265
96,22:19:25.223,1.301,1.301,1.695,1.3030000000000002,2.32,3.025,1.2990000000000002,2.545,3.305,1.297,2.516,3.265
97,22:24:25.223,1.301,1.297,1.685,1.3019999999999998,2.3215,3.025,1.2990000000000002,2.544,3.305,1.298,2.519,3.27
98,22:29:25.223,1.3,1.2915,1.68,1.3030000000000002,2.325,3.03,1.2990000000000002,2.5445,3.305,1.298,2.5185,3.27
99,22:34:25.223,1.3,1.2875,1.675,1.3019999999999998,2.328,3.03,1.2990000000000002,2.545,3.305,1.298,2.5195,3.27
100,22:39:25.223,1.3,1.2845,1.67,1.3019999999999998,2.33,3.035,1.2990000000000002,2.542,3.3,1.298,2.5185,3.27
101,22:44:25.223,1.3,1.2805,1.665,1.3030000000000002,2.3345,3.04,1.2990000000000002,2.545,3.305,1.298,2.519,3.27
102,22:49:25.223,1.301,1.2775,1.66,1.3030000000000002,2.337,3.045,1.2990000000000002,2.5415,3.3,1.297,2.515,3.26
103,22:54:25.223,1.301,1.2715,1.655,1.3019999999999998,2.3385,3.045,1.2990000000000002,2.541,3.3,1.298,2.5155,3.265
104,22:59:25.223,1.3,1.264,1.645,1.3030000000000002,2.342,3.05,1.2990000000000002,2.5395,3.3,1.297,2.5155,3.265
105,23:04:25.223,1.3,1.2595,1.635,1.3019999999999998,2.344,3.05,1.2990000000000002,2.541,3.3,1.298,2.516,3.265
106,23:09:25.223,1.3,1.253,1.63,1.3019999999999998,2.3465,3.055,1.2990000000000002,2.5375,3.295,1.297,2.516,3.265
107,23:14:25.223,1.3,1.248,1.62,1.3019999999999998,2.35,3.06,1.2990000000000002,2.5385,3.3,1.297,2.5165,3.265
108,23:19:25.223,1.3,1.244,1.615,1.3019999999999998,2.353,3.065,1.2990000000000002,2.5375,3.295,1.297,2.5155,3.265
109,23:24:25.223,1.301,1.2405,1.615,1.3030000000000002,2.356,3.07,1.2990000000000002,2.534,3.29,1.297,2.515,3.26
110,23:29:25.223,1.3,1.2345,1.605,1.3019999999999998,2.3585,3.07,1.2990000000000002,2.536,3.295,1.297,2.514,3.26
111,23:34:25.223,1.301,1.23,1.6,1.3030000000000002,2.362,3.08,1.2990000000000002,2.5355,3.295,1.297,2.513,3.26
112,23:39:25.223,1.301,1.2255,1.595,1.3019999999999998,2.3645,3.08,1.2990000000000002,2.536,3.295,1.297,2.514,3.26
113,23:44:25.223,1.301,1.2205,1.59,1.3019999999999998,2.367,3.08,1.2990000000000002,2.5345,3.29,1.297,2.513,3.26
114,23:49:25.223,1.3,1.215,1.58,1.3019999999999998,2.3695,3.085,1.2990000000000002,2.5345,3.29,1.297,2.5125,3.26
115,23:54:25.223,1.3,1.211,1.575,1.3030000000000002,2.373,3.09,1.2990000000000002,2.5325,3.29,1.297,2.5095,3.255
116,23:59:25.223,1.3,1.2075,1.57,1.3030000000000002,2.376,3.095,1.2990000000000002,2.5295,3.285,1.297,2.514,3.26
117,00:04:25.223,1.3,1.2045,1.565,1.3030000000000002,2.378,3.1,1.3,2.5305,3.29,1.297,2.5125,3.26
118,00:09:25.223,1.3,1.2025,1.565,1.3030000000000002,2.3805,3.1,1.2990000000000002,2.5295,3.285,1.298,2.512,3.26
119,00:14:25.223,1.3,1.197,1.555,1.3019999999999998,2.383,3.105,1.3,2.53,3.29,1.298,2.514,3.265
120,00:19:25.223,1.3,1.193,1.55,1.3030000000000002,2.3855,3.11,1.2990000000000002,2.528,3.285,1.297,2.511,3.255
121,00:24:25.223,1.301,1.1925,1.55,1.3019999999999998,2.3865,3.105,1.3,2.528,3.285,1.298,2.512,3.26
122,00:29:25.223,1.301,1.188,1.545,1.3019999999999998,2.3895,3.11,1.3,2.527,3.285,1.298,2.5135,3.265
123,00:34:25.223,1.301,1.1845,1.54,1.3019999999999998,2.3915,3.115,1.2990000000000002,2.5245,3.28,1.297,2.5125,3.26
124,00:39:25.223,1.301,1.1815,1.535,1.3019999999999998,2.3945,3.12,1.2990000000000002,2.522,3.275,1.297,2.5115,3.255
125,00:44:25.223,1.301,1.177,1.53,1.3019999999999998,2.3965,3.12,1.2990000000000002,2.5235,3.28,1.297,2.513,3.26
126,00:49:25.223,1.301,1.171,1.525,1.3030000000000002,2.4005,3.13,1.2990000000000002,2.52,3.275,1.297,2.5115,3.255
127,00:54:25.223,1.301,1.166,1.515,1.3019999999999998,2.402,3.125,1.2990000000000002,2.52,3.275,1.297,2.5105,3.255
128,00:59:25.223,1.301,1.161,1.51,1.3019999999999998,2.404,3.13,1.2990000000000002,2.514,3.265,1.297,2.51,3.255
129,01:04:25.223,1.301,1.1545,1.5,1.3019999999999998,2.4055,3.13,1.2990000000000002,2.5145,3.265,1.297,2.5105,3.255
130,01:09:25.223,1.301,1.1505,1.495,1.3019999999999998,2.4085,3.135,1.2990000000000002,2.515,3.265,1.298,2.5115,3.26
131,01:14:25.223,1.3,1.1475,1.49,1.3019999999999998,2.4105,3.14,1.2990000000000002,2.514,3.265,1.297,2.5105,3.255
132,01:19:25.223,1.301,1.1445,1.49,1.3030000000000002,2.4135,3.145,1.2990000000000002,2.5125,3.265,1.297,2.5095,3.255
133,01:24:25.223,1.301,1.1415,1.485,1.3019999999999998,2.415,3.145,1.2990000000000002,2.5085,3.26,1.298,2.511,3.26
134,01:29:25.223,1.301,1.136,1.48,1.3019999999999998,2.417,3.145,1.2990000000000002,2.5055,3.255,1.298,2.5095,3.255
135,01:34:25.223,1.301,1.1295,1.47,1.3019999999999998,2.421,3.15,1.2990000000000002,2.5065,3.255,1.297,2.5085,3.255
136,01:39:25.223,1.301,1.124,1.46,1.3019999999999998,2.423,3.155,1.2990000000000002,2.506,3.255,1.297,2.5095,3.255
137,01:44:25.223,1.3,1.118,1.455,1.3019999999999998,2.4245,3.155,1.2990000000000002,2.5035,3.25,1.298,2.51,3.26
138,01:49:25.223,1.3,1.112,1.445,1.3019999999999998,2.4275,3.16,1.2990000000000002,2.5025,3.25,1.297,2.5095,3.255
139,01:54:25.223,1.301,1.108,1.44,1.3019999999999998,2.429,3.165,1.2990000000000002,2.4995,3.245,1.298,2.5095,3.255
140,01:59:25.223,1.301,1.104,1.435,1.3019999999999998,2.4315,3.165,1.2990000000000002,2.4985,3.245,1.298,2.51,3.26
141,02:04:25.223,1.301,1.1005,1.43,1.3019999999999998,2.433,3.17,1.2990000000000002,2.4985,3.245,1.297,2.5085,3.255
142,02:09:25.223,1.301,1.099,1.43,1.3019999999999998,2.4365,3.17,1.3,2.4985,3.25,1.298,2.5095,3.255
143,02:14:25.223,1.301,1.096,1.425,1.3019999999999998,2.4385,3.175,1.2990000000000002,2.496,3.24,1.297,2.508,3.255
144,02:19:25.223,1.301,1.09,1.42,1.3030000000000002,2.441,3.18,1.2990000000000002,2.493,3.24,1.297,2.5075,3.25
145,02:24:25.223,1.3,1.085,1.41,1.3019999999999998,2.4425,3.18,1.2990000000000002,2.4915,3.235,1.298,2.509,3.255
146,02:29:25.223,1.301,1.0815,1.405,1.3019999999999998,2.444,3.18,1.2990000000000002,2.4895,3.235,1.297,2.509,3.255
147,02:34:25.223,1.3,1.0765,1.4,1.3019999999999998,2.4475,3.185,1.2990000000000002,2.484,3.225,1.297,2.508,3.255
148,02:39:25.223,1.301,1.075,1.4,1.3030000000000002,2.45,3.19,1.2990000000000002,2.485,3.23,1.297,2.5065,3.25
149,02:44:25.223,1.3,1.073,1.395,1.3030000000000002,2.4515,3.195,1.3,2.484,3.23,1.298,2.508,3.255
150,02:49:25.223,1.301,1.0695,1.39,1.3019999999999998,2.4525,3.195,1.2990000000000002,2.481,3.225,1.297,2.5065,3.25
151,02:54:25.223,1.301,1.068,1.39,1.3019999999999998,2.455,3.195,1.2990000000000002,2.4745,3.215,1.297,2.5075,3.25
152,02:59:25.223,1.301,1.0645,1.385,1.3019999999999998,2.4565,3.2,1.2990000000000002,2.477,3.22,1.297,2.5065,3.25
153,03:04:25.223,1.301,1.0615,1.38,1.3030000000000002,2.4585,3.205,1.2990000000000002,2.4725,3.21,1.298,2.506,3.255
154,03:09:25.223,1.301,1.055,1.375,1.3019999999999998,2.4605,3.205,1.2990000000000002,2.469,3.205,1.297,2.5065,3.25
155,03:14:25.223,1.301,1.051,1.365,1.3030000000000002,2.463,3.21,1.2990000000000002,2.468,3.205,1.298,2.5065,3.255
156,03:19:25.223,1.301,1.05,1.365,1.3019999999999998,2.4635,3.205,1.2990000000000002,2.47,3.21,1.297,2.506,3.25
157,03:24:25.223,1.301,1.046,1.36,1.3019999999999998,2.466,3.21,1.2990000000000002,2.463,3.2,1.297,2.507,3.25
158,03:29:25.223,1.301,1.04,1.355,1.3019999999999998,2.468,3.215,1.2990000000000002,2.4635,3.2,1.297,2.506,3.25
159,03:34:25.223,1.301,1.0355,1.345,1.3019999999999998,2.4695,3.215,1.2990000000000002,2.458,3.195,1.297,2.506,3.25
160,03:39:25.223,1.301,1.031,1.34,1.3019999999999998,2.471,3.215,1.2990000000000002,2.4575,3.19,1.297,2.505,3.25
161,03:44:25.223,1.3,1.0255,1.335,1.3019999999999998,2.473,3.22,1.2990000000000002,2.45,3.185,1.297,2.5055,3.25
162,03:49:25.223,1.301,1.0215,1.33,1.3030000000000002,2.475,3.225,1.2990000000000002,2.451,3.185,1.297,2.505,3.25
163,03:54:25.223,1.301,1.0175,1.325,1.3019999999999998,2.477,3.225,1.2990000000000002,2.4505,3.185,1.297,2.505,3.25
164,03:59:25.223,1.301,1.016,1.32,1.3030000000000002,2.479,3.23,1.3,2.445,3.18,1.297,2.5055,3.25
165,04:04:25.223,1.3,1.011,1.315,1.3019999999999998,2.4795,3.23,1.2990000000000002,2.4405,3.17,1.298,2.505,3.25
166,04:09:25.223,1.301,1.0085,1.31,1.3019999999999998,2.4815,3.23,1.2990000000000002,2.441,3.17,1.297,2.5045,3.25
167,04:14:25.223,1.301,1.0055,1.31,1.3019999999999998,2.483,3.235,1.2990000000000002,2.439,3.17,1.297,2.504,3.25
168,04:19:25.223,1.301,1.003,1.305,1.3030000000000002,2.4855,3.24,1.2990000000000002,2.4365,3.165,1.298,2.506,3.255
169,04:24:25.223,1.301,0.998,1.3,1.3019999999999998,2.486,3.235,1.2990000000000002,2.433,3.16,1.298,2.5055,3.25
170,04:29:25.223,1.301,0.996,1.295,1.3019999999999998,2.4875,3.24,1.2990000000000002,2.432,3.16,1.298,2.506,3.255
171,04:34:25.223,1.301,0.9915,1.29,1.3019999999999998,2.49,3.24,1.2990000000000002,2.4255,3.15,1.297,2.5045,3.25
172,04:39:25.223,1.301,0.988,1.285,1.3030000000000002,2.4915,3.245,1.2990000000000002,2.425,3.15,1.297,2.5045,3.25
173,04:44:25.223,1.301,0.983,1.28,1.3019999999999998,2.4925,3.245,1.2990000000000002,2.422,3.145,1.297,2.505,3.25
174,04:49:25.223,1.3,0.977,1.27,1.3019999999999998,2.4945,3.25,1.2990000000000002,2.4195,3.145,1.297,2.5035,3.245
175,04:54:25.223,1.301,0.9735,1.265,1.3030000000000002,2.4965,3.255,1.2990000000000002,2.416,3.14,1.298,2.5045,3.25
176,04:59:25.223,1.3,0.966,1.255,1.3030000000000002,2.498,3.255,1.2990000000000002,2.409,3.13,1.297,2.503,3.245
177,05:04:25.223,1.301,0.9645,1.255,1.3019999999999998,2.499,3.255,1.2990000000000002,2.41,3.13,1.297,2.503,3.245
178,05:09:25.223,1.301,0.9605,1.25,1.3019999999999998,2.5005,3.255,1.2990000000000002,2.41,3.13,1.297,2.503,3.245
179,05:14:25.223,1.301,0.956,1.245,1.3019999999999998,2.5015,3.255,1.3,2.4025,3.125,1.297,2.502,3.245
180,05:19:25.223,1.301,0.9545,1.24,1.3019999999999998,2.5035,3.26,1.3,2.4005,3.12,1.297,2.5015,3.245
181,05:24:25.223,1.301,0.949,1.235,1.3019999999999998,2.5045,3.26,1.2990000000000002,2.3895,3.105,1.297,2.5025,3.245
182,05:29:25.223,1.301,0.9415,1.225,1.3019999999999998,2.506,3.265,1.2990000000000002,2.3895,3.105,1.297,2.504,3.25
183,05:34:25.223,1.301,0.937,1.22,1.3019999999999998,2.5075,3.265,1.2990000000000002,2.387,3.1,1.297,2.5025,3.245
184,05:39:25.223,1.301,0.934,1.215,1.3019999999999998,2.5085,3.265,1.2990000000000002,2.385,3.1,1.297,2.5025,3.245
185,05:44:25.223,1.301,0.932,1.215,1.3030000000000002,2.5105,3.27,1.2990000000000002,2.3785,3.09,1.297,2.5025,3.245
186,05:49:25.223,1.3,0.926,1.205,1.3019999999999998,2.511,3.27,1.3,2.3765,3.09,1.298,2.502,3.25
187,05:54:25.223,1.301,0.92,1.195,1.3019999999999998,2.513,3.27,1.2990000000000002,2.3695,3.08,1.297,2.5025,3.245
188,05:59:25.223,1.301,0.915,1.19,1.3019999999999998,2.5145,3.275,1.2990000000000002,2.3705,3.08,1.297,2.501,3.245
189,06:04:25.223,1.301,0.9105,1.185,1.3019999999999998,2.5155,3.275,1.3,2.367,3.075,1.298,2.5015,3.245
190,06:09:25.223,1.301,0.909,1.185,1.3019999999999998,2.517,3.275,1.2990000000000002,2.3595,3.065,1.298,2.502,3.25
191,06:14:25.223,1.301,0.905,1.175,1.3019999999999998,2.5185,3.28,1.2990000000000002,2.354,3.06,1.298,2.5015,3.245
192,06:19:25.223,1.301,0.8995,1.17,1.3030000000000002,2.5205,3.285,1.2990000000000002,2.352,3.055,1.298,2.504,3.25
193,06:24:25.223,1.301,0.895,1.165,1.3019999999999998,2.5215,3.285,1.3,2.3525,3.06,1.298,2.501,3.245
194,06:29:25.223,1.301,0.889,1.155,1.3030000000000002,2.5235,3.29,1.3,2.342,3.045,1.298,2.502,3.25
195,06:34:25.223,1.301,0.8855,1.15,1.3019999999999998,2.524,3.285,1.2990000000000002,2.3395,3.04,1.298,2.5015,3.245
196,06:39:25.223,1.301,0.881,1.145,1.3019999999999998,2.5245,3.285,1.2990000000000002,2.339,3.04,1.298,2.5015,3.245
197,06:44:25.223,1.301,0.8775,1.14,1.3019999999999998,2.526,3.29,1.3,2.335,3.035,1.298,2.5005,3.245
198,06:49:25.223,1.301,0.8745,1.14,1.3019999999999998,2.5275,3.29,1.3,2.3335,3.035,1.298,2.501,3.245
199,06:54:25.223,1.3,0.8705,1.13,1.3019999999999998,2.5285,3.29,1.2990000000000002,2.3255,3.02,1.297,2.5005,3.245
200,06:59:25.223,1.301,0.8655,1.125,1.3019999999999998,2.531,3.295,1.2990000000000002,2.3235,3.02,1.298,2.5015,3.245
201,07:04:25.223,1.301,0.8615,1.12,1.3019999999999998,2.532,3.295,1.2990000000000002,2.3135,3.005,1.298,2.5005,3.245
202,07:09:25.223,1.301,0.8575,1.115,1.3019999999999998,2.533,3.3,1.2990000000000002,2.315,3.005,1.297,2.498,3.24
203,07:14:25.223,1.3,0.855,1.11,1.3019999999999998,2.535,3.3,1.2990000000000002,2.3125,3.005,1.297,2.5,3.245
204,07:19:25.223,1.3,0.855,1.11,1.3019999999999998,2.536,3.3,1.2990000000000002,2.3045,2.995,1.297,2.499,3.24
205,07:24:25.223,1.301,0.853,1.11,1.3019999999999998,2.537,3.305,1.2990000000000002,2.3005,2.99,1.298,2.5,3.245
206,07:29:25.223,1.301,0.8465,1.1,1.3019999999999998,2.5375,3.305,1.2990000000000002,2.295,2.98,1.298,2.5015,3.245
207,07:34:25.223,1.301,0.84,1.095,1.3019999999999998,2.538,3.305,1.2990000000000002,2.2915,2.975,1.297,2.499,3.24
208,07:39:25.223,1.3,0.834,1.085,1.3019999999999998,2.5405,3.31,1.2990000000000002,2.29,2.975,1.298,2.498,3.24
209,07:44:25.223,1.301,0.83,1.08,1.3019999999999998,2.541,3.31,1.2990000000000002,2.2845,2.97,1.298,2.5,3.245
210,07:49:25.223,1.301,0.8235,1.07,1.3019999999999998,2.5415,3.31,1.2990000000000002,2.287,2.97,1.298,2.4995,3.245
211,07:54:25.223,1.301,0.8195,1.065,1.3019999999999998,2.543,3.31,1.2990000000000002,2.277,2.96,1.298,2.5025,3.25
212,07:59:25.223,1.3,0.813,1.055,1.3019999999999998,2.545,3.315,1.2990000000000002,2.28,2.96,1.297,2.499,3.24
213,08:04:25.223,1.3,0.8095,1.05,1.3019999999999998,2.545,3.315,1.2990000000000002,2.2745,2.955,1.298,2.498,3.24
214,08:09:25.223,1.301,0.8055,1.05,1.3019999999999998,2.5475,3.315,1.2990000000000002,2.273,2.955,1.298,2.499,3.245
215,08:14:25.223,1.301,0.8,1.04,1.3019999999999998,2.548,3.315,1.2990000000000002,2.264,2.94,1.298,2.4995,3.245
216,08:19:25.223,1.301,0.7965,1.035,1.3019999999999998,2.5495,3.32,1.2990000000000002,2.2565,2.93,1.297,2.4985,3.24
217,08:24:25.223,1.301,0.7935,1.03,1.3019999999999998,2.5505,3.32,1.2990000000000002,2.2535,2.925,1.298,2.499,3.245
218,08:29:25.223,1.301,0.7885,1.025,1.3019999999999998,2.5515,3.32,1.2990000000000002,2.2515,2.925,1.298,2.499,3.245
219,08:34:25.223,1.3,0.784,1.02,1.3019999999999998,2.553,3.325,1.2990000000000002,2.2485,2.92,1.297,2.4955,3.235
220,08:39:25.223,1.301,0.7815,1.015,1.3019999999999998,2.5545,3.325,1.2990000000000002,2.248,2.92,1.297,2.497,3.24
221,08:44:25.223,1.301,0.7785,1.015,1.3019999999999998,2.5555,3.325,1.3,2.2455,2.92,1.297,2.4975,3.24
222,08:49:25.223,1.301,0.777,1.01,1.3019999999999998,2.5555,3.325,1.2990000000000002,2.242,2.91,1.297,2.497,3.24
223,08:54:25.223,1.301,0.7725,1.005,1.3019999999999998,2.557,3.33,1.2990000000000002,2.2415,2.91,1.298,2.4965,3.24
224,08:59:25.223,1.3,0.7665,0.995,1.3019999999999998,2.558,3.33,1.2990000000000002,2.2285,2.895,1.298,2.4975,3.24
225,09:04:25.223,1.301,0.7625,0.99,1.3019999999999998,2.5585,3.33,1.2990000000000002,2.2265,2.89,1.297,2.4985,3.24
226,09:09:25.223,1.3,0.757,0.985,1.3019999999999998,2.5595,3.33,1.2990000000000002,2.224,2.89,1.297,2.4965,3.24
227,09:14:25.223,1.3,0.754,0.98,1.3019999999999998,2.5605,3.335,1.2990000000000002,2.227,2.895,1.297,2.4955,3.235
228,09:19:25.223,1.3,0.75,0.975,1.3019999999999998,2.5615,3.335,1.2990000000000002,2.22,2.885,1.297,2.4955,3.235
229,09:24:25.223,1.3,0.7495,0.975,1.3019999999999998,2.5615,3.335,1.2990000000000002,2.2125,2.875,1.297,2.496,3.235
230,09:29:25.223,1.3,0.7445,0.97,1.3030000000000002,2.5645,3.34,1.2990000000000002,2.206,2.865,1.297,2.4925,3.235
231,09:34:25.223,1.301,0.74,0.965,1.3019999999999998,2.5645,3.34,1.2990000000000002,2.1975,2.855,1.297,2.4945,3.235
232,09:39:25.223,1.3,0.736,0.955,1.3030000000000002,2.5655,3.345,1.2990000000000002,2.195,2.85,1.297,2.4945,3.235
233,09:44:25.223,1.301,0.733,0.955,1.3019999999999998,2.5655,3.34,1.2990000000000002,2.1905,2.845,1.298,2.4945,3.24
234,09:49:25.223,1.3,0.73,0.95,1.3019999999999998,2.5665,3.34,1.2990000000000002,2.189,2.845,1.298,2.495,3.24
235,09:54:25.223,1.301,0.732,0.95,1.3030000000000002,2.569,3.345,1.2990000000000002,2.1845,2.84,1.297,2.4945,3.235
236,09:59:25.223,1.301,0.729,0.95,1.3019999999999998,2.5685,3.345,1.2990000000000002,2.181,2.835,1.297,2.4935,3.235
237,10:04:25.223,1.301,0.7235,0.94,1.3030000000000002,2.57,3.35,1.2990000000000002,2.1775,2.83,1.298,2.4955,3.24
238,10:09:25.223,1.301,0.72,0.935,1.3019999999999998,2.5705,3.345,1.2990000000000002,2.1725,2.82,1.297,2.4925,3.235
239,10:14:25.223,1.301,0.717,0.935,1.3030000000000002,2.571,3.35,1.2990000000000002,2.166,2.815,1.298,2.494,3.235
240,10:19:25.223,1.301,0.715,0.93,1.3030000000000002,2.572,3.35,1.2990000000000002,2.165,2.81,1.298,2.4935,3.235
241,10:24:25.223,1.301,0.7115,0.925,1.3019999999999998,2.572,3.35,1.2990000000000002,2.1575,2.805,1.298,2.494,3.235
242,10:29:25.223,1.301,0.708,0.92,1.3019999999999998,2.5735,3.35,1.2990000000000002,2.159,2.805,1.297,2.4945,3.235
243,10:34:25.223,1.301,0.704,0.915,1.3019999999999998,2.5745,3.35,1.3,2.1525,2.8,1.297,2.4935,3.235
244,10:39:25.223,1.3,0.701,0.91,1.3030000000000002,2.5755,3.355,1.2990000000000002,2.149,2.79,1.297,2.4925,3.235
245,10:44:25.223,1.3,0.6985,0.91,1.3019999999999998,2.575,3.355,1.2990000000000002,2.151,2.795,1.298,2.493,3.235
246,10:49:25.223,1.301,0.696,0.905,1.3019999999999998,2.5765,3.355,1.2990000000000002,2.137,2.775,1.297,2.4935,3.235
247,10:54:25.223,1.3,0.693,0.9,1.3030000000000002,2.578,3.36,1.2990000000000002,2.1355,2.775,1.297,2.4905,3.23
248,10:59:25.223,1.301,0.6905,0.9,1.3019999999999998,2.578,3.355,1.2990000000000002,2.1385,2.78,1.297,2.493,3.235
249,11:04:25.223,1.301,0.6865,0.895,1.3019999999999998,2.5785,3.355,1.2990000000000002,2.127,2.765,1.297,2.491,3.23
250,11:09:25.223,1.3,0.681,0.885,1.3019999999999998,2.579,3.36,1.2990000000000002,2.115,2.745,1.297,2.4885,3.23
251,11:14:25.223,1.3,0.6775,0.88,1.3019999999999998,2.5805,3.36,1.2990000000000002,2.1165,2.75,1.297,2.489,3.23
252,11:19:25.223,1.301,0.6755,0.88,1.3030000000000002,2.5815,3.365,1.2990000000000002,2.114,2.745,1.297,2.4915,3.23
253,11:24:25.223,1.301,0.672,0.875,1.3030000000000002,2.582,3.365,1.2990000000000002,2.1155,2.75,1.297,2.4905,3.23
254,11:29:25.223,1.301,0.667,0.87,1.3019999999999998,2.582,3.36,1.2990000000000002,2.1095,2.74,1.297,2.49,3.23
255,11:34:25.223,1.301,0.664,0.865,1.3019999999999998,2.583,3.365,1.2990000000000002,2.1005,2.73,1.297,2.49,3.23
256,11:39:25.223,1.3,0.66,0.86,1.3030000000000002,2.5845,3.37,1.2990000000000002,2.0905,2.715,1.297,2.4925,3.235
257,11:44:25.223,1.3,0.6585,0.855,1.3019999999999998,2.584,3.365,1.2990000000000002,2.089,2.715,1.297,2.4925,3.235
258,11:49:25.223,1.3,0.6575,0.855,1.3019999999999998,2.5845,3.365,1.2990000000000002,2.087,2.71,1.297,2.4915,3.23
259,11:54:25.223,1.301,0.6555,0.855,1.3019999999999998,2.586,3.365,1.2990000000000002,2.0915,2.715,1.297,2.488,3.225
260,11:59:25.223,1.3,0.6515,0.845,1.3019999999999998,2.585,3.365,1.2990000000000002,2.086,2.71,1.297,2.489,3.23
261,12:04:25.223,1.301,0.6495,0.845,1.3019999999999998,2.587,3.37,1.2990000000000002,2.07,2.69,1.297,2.492,3.23
262,12:09:25.223,1.301,0.6465,0.84,1.3019999999999998,2.588,3.37,1.2990000000000002,2.073,2.695,1.297,2.4885,3.23
263,12:14:25.223,1.301,0.6435,0.835,1.3019999999999998,2.589,3.37,1.2990000000000002,2.073,2.695,1.297,2.491,3.23
264,12:19:25.223,1.301,0.6415,0.835,1.3019999999999998,2.59,3.37,1.2990000000000002,2.0655,2.685,1.297,2.4885,3.23
265,12:24:25.223,1.301,0.638,0.83,1.3019999999999998,2.59,3.37,1.2990000000000002,2.061,2.675,1.298,2.489,3.23
266,12:29:25.223,1.301,0.6365,0.83,1.3019999999999998,2.592,3.375,1.2990000000000002,2.0525,2.665,1.297,2.49,3.23
267,12:34:25.223,1.301,0.6325,0.825,1.3019999999999998,2.5925,3.375,1.2990000000000002,2.052,2.665,1.297,2.4905,3.23
268,12:39:25.223,1.301,0.628,0.815,1.3019999999999998,2.5925,3.375,1.3,2.048,2.66,1.297,2.491,3.23
269,12:44:25.223,1.301,0.6265,0.815,1.3019999999999998,2.5925,3.375,1.2990000000000002,2.0405,2.65,1.297,2.4885,3.23
270,12:49:25.223,1.301,0.6235,0.81,1.3019999999999998,2.594,3.375,1.2990000000000002,2.0305,2.64,1.297,2.4885,3.23
271,12:54:25.223,1.301,0.6205,0.805,1.3030000000000002,2.595,3.38,1.2990000000000002,2.0325,2.64,1.297,2.4895,3.23
272,12:59:25.223,1.301,0.6175,0.805,1.3019999999999998,2.5945,3.38,1.2990000000000002,2.027,2.635,1.298,2.49,3.23
273,13:04:25.223,1.3,0.6135,0.8,1.3030000000000002,2.597,3.385,1.2990000000000002,2.024,2.63,1.297,2.4895,3.23
274,13:09:25.223,1.3,0.6105,0.795,1.3030000000000002,2.5975,3.385,1.2990000000000002,2.0155,2.62,1.297,2.49,3.23
275,13:14:25.223,1.301,0.6105,0.795,1.3019999999999998,2.5965,3.38,1.2990000000000002,2.0145,2.615,1.298,2.489,3.23
276,13:19:25.223,1.3,0.607,0.79,1.3030000000000002,2.5975,3.385,1.2990000000000002,2.0135,2.615,1.297,2.487,3.225
277,13:24:25.223,1.3,0.6045,0.785,1.3030000000000002,2.599,3.385,1.2990000000000002,2.0075,2.61,1.297,2.4885,3.23
278,13:29:25.223,1.301,0.603,0.785,1.3019999999999998,2.5985,3.385,1.2990000000000002,2.0035,2.605,1.298,2.489,3.23
279,13:34:25.223,1.301,0.6005,0.78,1.3030000000000002,2.5995,3.385,1.2990000000000002,1.996,2.595,1.297,2.4875,3.225
280,13:39:25.223,1.301,0.598,0.78,1.3019999999999998,2.6005,3.385,1.2990000000000002,1.9945,2.59,1.298,2.488,3.23
281,13:44:25.223,1.301,0.5965,0.775,1.3019999999999998,2.6,3.385,1.2990000000000002,1.991,2.585,1.298,2.487,3.23
282,13:49:25.223,1.301,0.593,0.77,1.3019999999999998,2.601,3.385,1.2990000000000002,1.9835,2.575,1.297,2.486,3.225
283,13:54:25.223,1.301,0.5905,0.77,1.3019999999999998,2.6015,3.385,1.2990000000000002,1.9805,2.575,1.297,2.486,3.225
284,13:59:25.223,1.301,0.587,0.765,1.3030000000000002,2.603,3.39,1.2990000000000002,1.9725,2.56,1.297,2.485,3.225
285,14:04:25.223,1.301,0.586,0.76,1.3019999999999998,2.6035,3.39,1.2990000000000002,1.9695,2.56,1.297,2.4875,3.225
286,14:09:25.223,1.301,0.583,0.76,1.3030000000000002,2.6055,3.395,1.2990000000000002,1.9625,2.55,1.297,2.488,3.225
287,14:14:25.223,1.301,0.5805,0.755,1.3030000000000002,2.6045,3.395,1.2990000000000002,1.9595,2.545,1.297,2.4875,3.225
288,14:19:25.223,1.301,0.5785,0.755,1.3030000000000002,2.605,3.395,1.3,1.957,2.545,1.297,2.486,3.225
289,14:24:25.223,1.301,0.575,0.75,1.3030000000000002,2.605,3.395,1.2990000000000002,1.951,2.535,1.297,2.484,3.22
290,14:29:25.223,1.301,0.571,0.745,1.3030000000000002,2.606,3.395,1.2990000000000002,1.9455,2.525,1.298,2.487,3.23
291,14:34:25.223,1.301,0.5685,0.74,1.3019999999999998,2.606,3.395,1.2990000000000002,1.9405,2.52,1.297,2.4865,3.225
292,14:39:25.223,1.3,0.565,0.735,1.3019999999999998,2.606,3.395,1.2990000000000002,1.9375,2.515,1.297,2.4855,3.225
293,14:44:25.223,1.301,0.5625,0.73,1.3030000000000002,2.607,3.395,1.3,1.936,2.515,1.298,2.4865,3.225
294,14:49:25.223,1.301,0.5605,0.73,1.3019999999999998,2.607,3.395,1.2990000000000002,1.9305,2.51,1.297,2.486,3.225
295,14:54:25.223,1.3,0.556,0.725,1.3019999999999998,2.607,3.395,1.2990000000000002,1.927,2.505,1.298,2.485,3.225
296,14:59:25.223,1.301,0.5545,0.72,1.3019999999999998,2.6075,3.395,1.2990000000000002,1.919,2.495,1.297,2.487,3.225
297,15:04:25.223,1.3,0.5505,0.715,1.3019999999999998,2.608,3.395,1.2990000000000002,1.9135,2.485,1.298,2.4855,3.225
298,15:09:25.223,1.3,0.549,0.715,1.3019999999999998,2.6075,3.395,1.2990000000000002,1.911,2.48,1.297,2.485,3.225
299,15:14:25.223,1.301,0.5465,0.71,1.3019999999999998,2.609,3.395,1.2990000000000002,1.9065,2.475,1.297,2.4855,3.225
300,15:19:25.223,1.301,0.545,0.71,1.3030000000000002,2.61,3.4,1.2990000000000002,1.8965,2.465,1.297,2.485,3.225
301,15:24:25.223,1.301,0.544,0.71,1.3019999999999998,2.6095,3.4,1.2990000000000002,1.8895,2.455,1.298,2.485,3.225
302,15:29:25.223,1.301,0.542,0.705,1.3019999999999998,2.611,3.4,1.2990000000000002,1.8875,2.45,1.297,2.4855,3.225
303,15:34:25.223,1.3,0.538,0.7,1.3030000000000002,2.612,3.405,1.2990000000000002,1.8815,2.445,1.297,2.4845,3.22
304,15:39:25.223,1.3,0.5355,0.695,1.3019999999999998,2.612,3.4,1.2990000000000002,1.877,2.44,1.297,2.4835,3.22
305,15:44:25.223,1.3,0.533,0.695,1.3030000000000002,2.6135,3.405,1.2990000000000002,1.8755,2.435,1.297,2.4845,3.22
306,15:49:25.223,1.3,0.53,0.69,1.3019999999999998,2.6115,3.4,1.2990000000000002,1.8725,2.43,1.297,2.484,3.22
307,15:54:25.223,1.3,0.5275,0.685,1.3019999999999998,2.6125,3.4,1.2990000000000002,1.8655,2.425,1.297,2.483,3.22
308,15:59:25.223,1.301,0.5255,0.685,1.3019999999999998,2.613,3.4,1.2990000000000002,1.867,2.425,1.297,2.483,3.22
309,16:04:25.223,1.301,0.5285,0.69,1.3030000000000002,2.6135,3.405,1.2990000000000002,1.8545,2.41,1.297,2.4805,3.215
310,16:09:25.223,1.3,0.5295,0.69,1.3019999999999998,2.613,3.4,1.2990000000000002,1.85,2.405,1.297,2.483,3.22
311,16:14:25.223,1.301,0.532,0.69,1.3030000000000002,2.6155,3.41,1.2990000000000002,1.841,2.39,1.297,2.4815,3.22
312,16:19:25.223,1.301,0.528,0.685,1.3019999999999998,2.617,3.405,1.2990000000000002,1.842,2.395,1.297,2.483,3.22
313,16:24:25.223,1.3,0.52,0.675,1.3019999999999998,2.6175,3.41,1.2990000000000002,1.8355,2.385,1.297,2.4825,3.22
314,16:29:25.223,1.301,0.5145,0.67,1.3019999999999998,2.6185,3.41,1.2990000000000002,1.8235,2.37,1.297,2.481,3.22
315,16:34:25.223,1.3,0.5105,0.665,1.3019999999999998,2.619,3.41,1.2990000000000002,1.819,2.365,1.297,2.4815,3.22
316,16:39:25.223,1.3,0.5075,0.66,1.3030000000000002,2.618,3.41,1.2990000000000002,1.8195,2.365,1.297,2.4805,3.215
317,16:44:25.223,1.3,0.504,0.655,1.3019999999999998,2.6165,3.405,1.2990000000000002,1.8685,2.425,1.297,2.48,3.215
318,16:49:25.223,1.301,0.501,0.65,1.3019999999999998,2.6115,3.4,1.2990000000000002,1.8245,2.37,1.298,2.4775,3.215
319,16:54:25.223,1.3,0.5005,0.65,1.3019999999999998,2.6205,3.41,1.2990000000000002,1.8035,2.345,1.297,2.4765,3.21
320,16:59:25.223,1.3,0.4975,0.645,1.3030000000000002,2.6235,3.42,1.2990000000000002,1.796,2.335,1.297,2.475,3.21
321,17:04:25.223,1.3,0.495,0.645,1.3030000000000002,2.624,3.42,1.2990000000000002,1.7875,2.32,1.298,2.477,3.215
322,17:09:25.223,1.3,0.4925,0.64,1.3030000000000002,2.6245,3.42,1.2990000000000002,1.779,2.31,1.297,2.4725,3.205
323,17:14:25.223,1.301,0.491,0.64,1.3030000000000002,2.6255,3.42,1.2990000000000002,1.7765,2.31,1.297,2.475,3.21
324,17:19:25.223,1.3,0.4875,0.635,1.3030000000000002,2.6255,3.42,1.2990000000000002,1.7665,2.295,1.297,2.472,3.205
325,17:24:25.223,1.3,0.4845,0.63,1.3030000000000002,2.626,3.42,1.2990000000000002,1.768,2.295,1.298,2.473,3.21
326,17:29:25.223,1.3,0.485,0.63,1.3030000000000002,2.6275,3.425,1.2990000000000002,1.7515,2.275,1.297,2.471,3.205
327,17:34:25.223,1.3,0.483,0.63,1.3030000000000002,2.6275,3.425,1.2990000000000002,1.7495,2.275,1.297,2.4705,3.205
328,17:39:25.223,1.3,0.48,0.625,1.3030000000000002,2.6265,3.42,1.2990000000000002,1.7435,2.265,1.297,2.471,3.205
329,17:44:25.223,1.3,0.4785,0.62,1.3030000000000002,2.627,3.425,1.2990000000000002,1.737,2.255,1.297,2.4715,3.205
330,17:49:25.223,1.3,0.4755,0.62,1.3030000000000002,2.6275,3.425,1.2990000000000002,1.735,2.255,1.297,2.468,3.2
331,17:54:25.223,1.301,0.4745,0.615,1.3030000000000002,2.6275,3.425,1.2990000000000002,1.7295,2.245,1.298,2.472,3.21
332,17:59:25.223,1.3,0.471,0.61,1.3030000000000002,2.627,3.425,1.2990000000000002,1.723,2.24,1.297,2.468,3.2
333,18:04:25.223,1.3,0.468,0.61,1.3030000000000002,2.628,3.425,1.2990000000000002,1.7195,2.235,1.297,2.469,3.2
334,18:09:25.223,1.3,0.466,0.605,1.3030000000000002,2.6285,3.425,1.2990000000000002,1.7115,2.225,1.297,2.47,3.205
335,18:14:25.223,1.3,0.464,0.605,1.3030000000000002,2.629,3.425,1.2990000000000002,1.7095,2.22,1.297,2.47,3.205
336,18:19:25.223,1.3,0.4615,0.6,1.3030000000000002,2.6295,3.425,1.2990000000000002,1.697,2.205,1.297,2.4695,3.205
337,18:24:25.223,1.3,0.4585,0.595,1.3030000000000002,2.629,3.425,1.2990000000000002,1.692,2.2,1.297,2.469,3.2
338,18:29:25.223,1.3,0.4565,0.595,1.3030000000000002,2.629,3.425,1.2990000000000002,1.683,2.185,1.297,2.469,3.2
339,18:34:25.223,1.301,0.454,0.59,1.3030000000000002,2.6275,3.425,1.2990000000000002,1.6725,2.175,1.297,2.4695,3.205
340,18:39:25.223,1.3,0.45,0.585,1.3030000000000002,2.6275,3.425,1.3,1.6715,2.175,1.297,2.469,3.2
341,18:44:25.223,1.301,0.45,0.585,1.3030000000000002,2.627,3.425,1.2990000000000002,1.6605,2.155,1.297,2.469,3.2
342,18:49:25.223,1.3,0.447,0.58,1.3019999999999998,2.626,3.42,1.2990000000000002,1.6585,2.155,1.297,2.468,3.2
343,18:54:25.223,1.3,0.444,0.575,1.3030000000000002,2.6275,3.425,1.3,1.65,2.145,1.297,2.4675,3.2
344,18:59:25.223,1.3,0.445,0.58,1.3019999999999998,2.626,3.42,1.2990000000000002,1.6455,2.14,1.297,2.4675,3.2
345,19:04:25.223,1.3,0.4435,0.575,1.3019999999999998,2.6265,3.42,1.3,1.6415,2.135,1.297,2.469,3.2
346,19:09:25.223,1.3,0.442,0.575,1.3030000000000002,2.627,3.425,1.2990000000000002,1.6295,2.115,1.297,2.4705,3.205
347,19:14:25.223,1.3,0.439,0.57,1.3030000000000002,2.6265,3.42,1.2990000000000002,1.6235,2.11,1.297,2.4685,3.2
348,19:19:25.223,1.3,0.4365,0.565,1.3019999999999998,2.6255,3.42,1.2990000000000002,1.6175,2.1,1.297,2.4675,3.2
349,19:24:25.223,1.301,0.435,0.565,1.3030000000000002,2.626,3.42,1.2990000000000002,1.61,2.09,1.297,2.47,3.205
350,19:29:25.223,1.3,0.4305,0.56,1.3030000000000002,2.6245,3.42,1.2990000000000002,1.602,2.08,1.297,2.4675,3.2
351,19:34:25.223,1.3,0.4285,0.555,1.3030000000000002,2.6255,3.42,1.2990000000000002,1.5955,2.075,1.298,2.4705,3.205
352,19:39:25.223,1.3,0.427,0.555,1.3019999999999998,2.6235,3.415,1.2990000000000002,1.587,2.06,1.298,2.47,3.205
353,19:44:25.223,1.301,0.4265,0.555,1.3030000000000002,2.6235,3.42,1.2990000000000002,1.5835,2.055,1.297,2.469,3.2
354,19:49:25.223,1.3,0.4225,0.55,1.3030000000000002,2.623,3.42,1.2990000000000002,1.581,2.055,1.297,2.4695,3.205
355,19:54:25.223,1.3,0.4205,0.545,1.3019999999999998,2.6215,3.415,1.2990000000000002,1.573,2.045,1.297,2.469,3.2
356,19:59:25.223,1.3,0.419,0.545,1.3019999999999998,2.6215,3.415,1.3,1.5705,2.04,1.297,2.4665,3.2
357,20:04:25.223,1.3,0.4175,0.545,1.3019999999999998,2.6195,3.41,1.2990000000000002,1.567,2.035,1.298,2.4695,3.205
358,20:09:25.223,1.301,0.4145,0.54,1.3019999999999998,2.6195,3.41,1.2990000000000002,1.559,2.025,1.298,2.47,3.205
359,20:14:25.223,1.301,0.412,0.535,1.3019999999999998,2.619,3.41,1.2990000000000002,1.549,2.01,1.297,2.4695,3.205
360,20:19:25.223,1.301,0.4095,0.535,1.3019999999999998,2.618,3.41,1.2990000000000002,1.541,2.0,1.297,2.4695,3.205
361,20:24:25.223,1.3,0.407,0.53,1.3030000000000002,2.618,3.41,1.2990000000000002,1.53,1.985,1.297,2.4675,3.2
362,20:29:25.223,1.301,0.406,0.53,1.3030000000000002,2.6175,3.41,1.2990000000000002,1.529,1.985,1.297,2.4685,3.2
363,20:34:25.223,1.3,0.4045,0.525,1.3019999999999998,2.615,3.405,1.2990000000000002,1.526,1.98,1.297,2.469,3.2
364,20:39:25.223,1.301,0.404,0.525,1.3019999999999998,2.614,3.405,1.2990000000000002,1.5175,1.97,1.297,2.467,3.2
365,20:44:25.223,1.301,0.4015,0.52,1.3019999999999998,2.6125,3.4,1.2990000000000002,1.513,1.965,1.297,2.468,3.2
366,20:49:25.223,1.3,0.3985,0.52,1.3019999999999998,2.611,3.4,1.3,1.5035,1.955,1.297,2.469,3.2
367,20:54:25.223,1.301,0.396,0.515,1.3030000000000002,2.611,3.4,1.2990000000000002,1.501,1.95,1.297,2.4685,3.2
368,20:59:25.223,1.3,0.393,0.51,1.3030000000000002,2.611,3.4,1.2990000000000002,1.491,1.935,1.297,2.4685,3.2
369,21:04:25.223,1.3,0.391,0.51,1.3019999999999998,2.6065,3.395,1.2990000000000002,1.485,1.93,1.297,2.465,3.195
370,21:09:25.223,1.3,0.389,0.505,1.3019999999999998,2.605,3.39,1.3,1.4845,1.93,1.297,2.467,3.2
371,21:14:25.223,1.3,0.387,0.505,1.3019999999999998,2.6045,3.39,1.3,1.4755,1.92,1.298,2.468,3.205
372,21:19:25.223,1.3,0.3855,0.5,1.3019999999999998,2.603,3.39,1.2990000000000002,1.4605,1.895,1.297,2.4685,3.2
373,21:24:25.223,1.3,0.384,0.5,1.3019999999999998,2.6015,3.385,1.3,1.4545,1.89,1.298,2.4675,3.205
374,21:29:25.223,1.3,0.381,0.495,1.3030000000000002,2.6,3.39,1.2990000000000002,1.4465,1.88,1.298,2.469,3.205
375,21:34:25.223,1.3,0.379,0.495,1.3019999999999998,2.598,3.385,1.2990000000000002,1.4425,1.875,1.297,2.468,3.2
376,21:39:25.223,1.3,0.3765,0.49,1.3019999999999998,2.5945,3.38,1.2990000000000002,1.436,1.865,1.298,2.4675,3.205
377,21:44:25.223,1.3,0.3745,0.485,1.3030000000000002,2.5935,3.38,1.2990000000000002,1.4225,1.85,1.297,2.467,3.2
378,21:49:25.223,1.3,0.3725,0.485,1.3019999999999998,2.589,3.37,1.3,1.42,1.845,1.297,2.468,3.2
379,21:54:25.223,1.301,0.3705,0.48,1.3019999999999998,2.586,3.365,1.3,1.413,1.835,1.297,2.467,3.2
380,21:59:25.223,1.3,0.368,0.48,1.3019999999999998,2.5825,3.36,1.3,1.404,1.825,1.297,2.466,3.2
381,22:04:25.223,1.3,0.365,0.475,1.3019999999999998,2.58,3.36,1.2990000000000002,1.3995,1.82,1.297,2.4685,3.2
382,22:09:25.223,1.3,0.363,0.47,1.3019999999999998,2.576,3.355,1.2990000000000002,1.3915,1.81,1.297,2.466,3.2
383,22:14:25.223,1.3,0.361,0.47,1.3030000000000002,2.5725,3.35,1.2990000000000002,1.3775,1.79,1.297,2.4665,3.2
384,22:19:25.223,1.3,0.36,0.47,1.3019999999999998,2.568,3.345,1.2990000000000002,1.3755,1.785,1.297,2.4675,3.2
385,22:24:25.223,1.3,0.3585,0.465,1.3019999999999998,2.5635,3.34,1.2990000000000002,1.367,1.775,1.297,2.4665,3.2
386,22:29:25.223,1.3,0.357,0.465,1.3019999999999998,2.56,3.335,1.3,1.3585,1.765,1.297,2.466,3.2
387,22:34:25.223,1.3,0.3555,0.46,1.3030000000000002,2.5565,3.33,1.3,1.36,1.77,1.297,2.464,3.195
388,22:39:25.223,1.3,0.3535,0.46,1.3030000000000002,2.5505,3.325,1.3,1.359,1.765,1.297,2.466,3.2
389,22:44:25.223,1.3,0.351,0.455,1.3030000000000002,2.5445,3.315,1.3,1.3505,1.755,1.297,2.4635,3.195
390,22:49:25.223,1.301,0.35,0.455,1.3019999999999998,2.537,3.305,1.2990000000000002,1.3345,1.735,1.297,2.464,3.195
391,22:54:25.223,1.3,0.347,0.45,1.3030000000000002,2.532,3.3,1.2990000000000002,1.325,1.72,1.297,2.468,3.2
392,22:59:25.223,1.3,0.345,0.45,1.3030000000000002,2.5235,3.29,1.3,1.3205,1.715,1.297,2.4665,3.2
393,23:04:25.223,1.3,0.3435,0.445,1.3030000000000002,2.516,3.28,1.2990000000000002,1.3075,1.7,1.297,2.4665,3.2
394,23:09:25.223,1.301,0.3415,0.445,1.3019999999999998,2.5065,3.265,1.2990000000000002,1.305,1.695,1.297,2.4655,3.2
395,23:14:25.223,1.3,0.339,0.44,1.3030000000000002,2.5,3.26,1.3,1.302,1.695,1.297,2.467,3.2
396,23:19:25.223,1.3,0.3385,0.44,1.3019999999999998,2.493,3.245,1.3,1.2985,1.69,1.297,2.465,3.195
397,23:24:25.223,1.3,0.3355,0.435,1.3030000000000002,2.486,3.24,1.2990000000000002,1.2915,1.68,1.298,2.468,3.205
398,23:29:25.223,1.3,0.3335,0.435,1.3019999999999998,2.478,3.225,1.2990000000000002,1.286,1.67,1.298,2.4675,3.205
399,23:34:25.223,1.3,0.331,0.43,1.3030000000000002,2.472,3.22,1.3,1.278,1.66,1.298,2.467,3.2
400,23:39:25.223,1.3,0.329,0.43,1.3030000000000002,2.464,3.21,1.2990000000000002,1.27,1.65,1.298,2.4655,3.2
401,23:44:25.223,1.3,0.3265,0.425,1.3019999999999998,2.453,3.195,1.3,1.2655,1.645,1.298,2.466,3.2
402,23:49:25.223,1.3,0.325,0.425,1.3019999999999998,2.4415,3.18,1.2990000000000002,1.253,1.63,1.297,2.466,3.2
403,23:54:25.223,1.3,0.3225,0.42,1.3019999999999998,2.433,3.17,1.2990000000000002,1.2415,1.615,1.297,2.4655,3.2
404,23:59:25.223,1.3,0.321,0.415,1.3019999999999998,2.423,3.155,1.2990000000000002,1.2405,1.61,1.297,2.464,3.195
405,00:04:25.223,1.3,0.319,0.415,1.3019999999999998,2.412,3.14,1.2990000000000002,1.233,1.6,1.297,2.465,3.195
406,00:09:25.223,1.3,0.316,0.41,1.3030000000000002,2.405,3.135,1.2990000000000002,1.2285,1.595,1.297,2.4655,3.2
407,00:14:25.223,1.301,0.315,0.41,1.3019999999999998,2.394,3.115,1.2990000000000002,1.22,1.585,1.297,2.464,3.195
408,00:19:25.223,1.3,0.313,0.405,1.3019999999999998,2.3835,3.105,1.2990000000000002,1.2135,1.575,1.297,2.465,3.195
409,00:24:25.223,1.3,0.31,0.405,1.3019999999999998,2.3715,3.09,1.3,1.2065,1.57,1.297,2.463,3.195
410,00:29:25.223,1.3,0.308,0.4,1.3030000000000002,2.3625,3.08,1.2990000000000002,1.1995,1.56,1.297,2.4645,3.195
411,00:34:25.223,1.3,0.3075,0.4,1.3019999999999998,2.3485,3.06,1.2990000000000002,1.1935,1.55,1.297,2.465,3.195
412,00:39:25.223,1.3,0.306,0.4,1.3019999999999998,2.336,3.04,1.2990000000000002,1.1875,1.545,1.297,2.4645,3.195
413,00:44:25.223,1.3,0.305,0.395,1.3030000000000002,2.3255,3.03,1.2990000000000002,1.1865,1.54,1.297,2.4635,3.195
414,00:49:25.223,1.3,0.302,0.395,1.3019999999999998,2.313,3.01,1.2990000000000002,1.1745,1.525,1.297,2.464,3.195
415,00:54:25.223,1.3,0.3005,0.39,1.3019999999999998,2.302,2.995,1.2990000000000002,1.166,1.515,1.297,2.4635,3.195
416,00:59:25.223,1.3,0.299,0.39,1.3019999999999998,2.288,2.98,1.2990000000000002,1.1615,1.51,1.297,2.4625,3.195
417,01:04:25.223,1.3,0.2975,0.385,1.3019999999999998,2.2755,2.965,1.2990000000000002,1.161,1.51,1.297,2.463,3.195
418,01:09:25.223,1.3,0.296,0.385,1.3030000000000002,2.264,2.95,1.2990000000000002,1.1515,1.495,1.297,2.463,3.195
419,01:14:25.223,1.3,0.2945,0.385,1.3019999999999998,2.2525,2.935,1.3,1.1465,1.49,1.297,2.464,3.195
420,01:19:25.223,1.3,0.2925,0.38,1.3019999999999998,2.2425,2.92,1.3,1.1375,1.48,1.297,2.4645,3.195
421,01:24:25.223,1.3,0.2905,0.38,1.3019999999999998,2.231,2.905,1.2990000000000002,1.1285,1.465,1.297,2.4635,3.195
422,01:29:25.223,1.3,0.2895,0.375,1.3019999999999998,2.216,2.885,1.2990000000000002,1.1225,1.46,1.297,2.4625,3.195
423,01:34:25.223,1.3,0.288,0.375,1.3019999999999998,2.2045,2.87,1.2990000000000002,1.116,1.45,1.297,2.462,3.195
424,01:39:25.223,1.3,0.285,0.37,1.3019999999999998,2.191,2.855,1.2990000000000002,1.115,1.45,1.297,2.463,3.195
425,01:44:25.223,1.3,0.284,0.37,1.3019999999999998,2.181,2.84,1.2990000000000002,1.104,1.435,1.297,2.462,3.195
426,01:49:25.223,1.3,0.2825,0.365,1.3019999999999998,2.1695,2.825,1.3,1.0995,1.43,1.297,2.463,3.195
427,01:54:25.223,1.3,0.281,0.365,1.3019999999999998,2.1595,2.81,1.2990000000000002,1.0895,1.415,1.297,2.462,3.195
428,01:59:25.223,1.3,0.2795,0.365,1.3019999999999998,2.15,2.8,1.2990000000000002,1.083,1.405,1.297,2.4625,3.195
429,02:04:25.223,1.3,0.2785,0.36,1.3019999999999998,2.1375,2.785,1.2990000000000002,1.0755,1.395,1.297,2.4605,3.19
430,02:09:25.223,1.3,0.277,0.36,1.3019999999999998,2.128,2.77,1.2990000000000002,1.0685,1.39,1.298,2.463,3.195
431,02:14:25.223,1.301,0.275,0.36,1.3019999999999998,2.1165,2.755,1.2990000000000002,1.058,1.375,1.297,2.462,3.195
432,02:19:25.223,1.3,0.2735,0.355,1.3030000000000002,2.1105,2.75,1.2990000000000002,1.052,1.365,1.297,2.462,3.195
433,02:24:25.223,1.3,0.272,0.355,1.3019999999999998,2.099,2.735,1.2990000000000002,1.041,1.35,1.297,2.464,3.195
434,02:29:25.223,1.301,0.271,0.355,1.3019999999999998,2.0905,2.72,1.2990000000000002,1.037,1.345,1.297,2.462,3.195
435,02:34:25.223,1.3,0.269,0.35,1.3019999999999998,2.0835,2.715,1.3,1.0385,1.35,1.297,2.462,3.195
436,02:39:25.223,1.301,0.268,0.35,1.3019999999999998,2.075,2.7,1.2990000000000002,1.0275,1.335,1.297,2.4605,3.19
437,02:44:25.223,1.3,0.266,0.345,1.3019999999999998,2.063,2.685,1.2990000000000002,1.0215,1.325,1.297,2.4625,3.195
438,02:49:25.223,1.301,0.266,0.345,1.3019999999999998,2.0535,2.675,1.3,1.016,1.32,1.297,2.4625,3.195
439,02:54:25.223,1.3,0.264,0.345,1.3019999999999998,2.044,2.66,1.2990000000000002,1.0115,1.315,1.297,2.461,3.19
440,02:59:25.223,1.3,0.262,0.34,1.3019999999999998,2.0355,2.65,1.2990000000000002,1.0045,1.305,1.297,2.4615,3.195
441,03:04:25.223,1.3,0.2605,0.34,1.3019999999999998,2.028,2.64,1.2990000000000002,1.001,1.3,1.297,2.46,3.19
442,03:09:25.223,1.301,0.2605,0.34,1.3019999999999998,2.0205,2.63,1.3,0.993,1.29,1.297,2.46,3.19
443,03:14:25.223,1.301,0.259,0.335,1.3019999999999998,2.014,2.62,1.2990000000000002,0.9865,1.28,1.297,2.4605,3.19
444,03:19:25.223,1.301,0.2575,0.335,1.3019999999999998,2.002,2.605,1.2990000000000002,0.975,1.265,1.297,2.4595,3.19
445,03:24:25.223,1.301,0.2565,0.335,1.3019999999999998,1.9945,2.595,1.2990000000000002,0.972,1.265,1.297,2.4585,3.19
446,03:29:25.223,1.3,0.2545,0.33,1.3019999999999998,1.986,2.585,1.2990000000000002,0.9685,1.26,1.297,2.4595,3.19
447,03:34:25.223,1.3,0.253,0.33,1.3019999999999998,1.9815,2.58,1.2990000000000002,0.9635,1.25,1.297,2.461,3.19
448,03:39:25.223,1.301,0.253,0.33,1.3019999999999998,1.9725,2.57,1.2990000000000002,0.9565,1.24,1.297,2.4605,3.19
449,03:44:25.223,1.3,0.2505,0.325,1.3019999999999998,1.9645,2.56,1.2990000000000002,0.9545,1.24,1.297,2.4615,3.195
450,03:49:25.223,1.3,0.2495,0.325,1.3019999999999998,1.9585,2.55,1.2990000000000002,0.945,1.23,1.297,2.458,3.19
451,03:54:25.223,1.3,0.249,0.325,1.3019999999999998,1.9505,2.54,1.3,0.937,1.22,1.297,2.4595,3.19
452,03:59:25.223,1.3,0.247,0.32,1.3019999999999998,1.94,2.525,1.3,0.9305,1.21,1.297,2.4585,3.19
453,04:04:25.223,1.301,0.2475,0.32,1.3019999999999998,1.9345,2.52,1.3,0.925,1.205,1.297,2.459,3.19
454,04:09:25.223,1.3,0.244,0.315,1.3019999999999998,1.927,2.51,1.2990000000000002,0.916,1.19,1.297,2.462,3.195
455,04:14:25.223,1.3,0.2435,0.315,1.3019999999999998,1.9205,2.5,1.2990000000000002,0.9125,1.185,1.297,2.4595,3.19
456,04:19:25.223,1.3,0.242,0.315,1.3019999999999998,1.914,2.49,1.2990000000000002,0.906,1.175,1.297,2.46,3.19
457,04:24:25.223,1.3,0.2415,0.315,1.3019999999999998,1.908,2.485,1.3,0.9065,1.18,1.297,2.4615,3.195
458,04:29:25.223,1.3,0.24,0.31,1.3019999999999998,1.903,2.48,1.2990000000000002,0.904,1.175,1.298,2.4615,3.195
459,04:34:25.223,1.3,0.239,0.31,1.3019999999999998,1.893,2.465,1.3,0.8985,1.17,1.298,2.4595,3.19
460,04:39:25.223,1.3,0.238,0.31,1.3019999999999998,1.8905,2.46,1.3,0.8975,1.165,1.297,2.46,3.19
461,04:44:25.223,1.3,0.2365,0.305,1.3019999999999998,1.883,2.45,1.2990000000000002,0.8865,1.15,1.297,2.4585,3.19
462,04:49:25.223,1.3,0.236,0.305,1.3019999999999998,1.877,2.445,1.2990000000000002,0.88,1.145,1.297,2.4585,3.19
463,04:54:25.223,1.3,0.2345,0.305,1.3019999999999998,1.869,2.435,1.2990000000000002,0.876,1.14,1.297,2.4575,3.185
464,04:59:25.223,1.3,0.234,0.305,1.3019999999999998,1.8625,2.425,1.2990000000000002,0.8685,1.13,1.297,2.459,3.19
465,05:04:25.223,1.3,0.2325,0.3,1.3019999999999998,1.8555,2.415,1.3,0.8675,1.13,1.298,2.4585,3.19
466,05:09:25.223,1.3,0.232,0.3,1.3019999999999998,1.847,2.405,1.2990000000000002,0.863,1.12,1.297,2.4565,3.185
467,05:14:25.223,1.3,0.23,0.3,1.3019999999999998,1.841,2.395,1.2990000000000002,0.856,1.11,1.297,2.457,3.185
468,05:19:25.223,1.301,0.231,0.3,1.3019999999999998,1.834,2.39,1.3,0.8525,1.11,1.297,2.457,3.185
469,05:24:25.223,1.3,0.2285,0.295,1.3019999999999998,1.832,2.385,1.3,0.8485,1.105,1.297,2.458,3.19
470,05:29:25.223,1.301,0.228,0.295,1.3019999999999998,1.825,2.375,1.3,0.842,1.095,1.298,2.4585,3.19
471,05:34:25.223,1.3,0.2255,0.295,1.3019999999999998,1.8215,2.37,1.2990000000000002,0.835,1.085,1.297,2.457,3.185
472,05:39:25.223,1.3,0.2255,0.295,1.3019999999999998,1.815,2.365,1.2990000000000002,0.831,1.08,1.297,2.4575,3.185
473,05:44:25.223,1.3,0.2245,0.29,1.3019999999999998,1.811,2.36,1.2990000000000002,0.828,1.075,1.297,2.457,3.185
474,05:49:25.223,1.3,0.2235,0.29,1.3019999999999998,1.804,2.35,1.3,0.8315,1.08,1.297,2.4575,3.185
475,05:54:25.223,1.3,0.2215,0.29,1.3019999999999998,1.8,2.345,1.3,0.8285,1.075,1.298,2.4565,3.19
476,05:59:25.223,1.3,0.22,0.285,1.3019999999999998,1.794,2.335,1.2990000000000002,0.823,1.07,1.297,2.455,3.185
477,06:04:25.223,1.3,0.22,0.285,1.3019999999999998,1.786,2.325,1.2990000000000002,0.818,1.065,1.298,2.4575,3.19
478,06:09:25.223,1.3,0.219,0.285,1.3019999999999998,1.7825,2.32,1.3,0.8155,1.06,1.297,2.456,3.185
479,06:14:25.223,1.3,0.2185,0.285,1.3019999999999998,1.774,2.31,1.2990000000000002,0.811,1.055,1.297,2.4575,3.185
480,06:19:25.223,1.3,0.217,0.28,1.3019999999999998,1.771,2.305,1.3,0.811,1.055,1.297,2.4555,3.185
481,06:24:25.223,1.3,0.2165,0.28,1.3019999999999998,1.7655,2.3,1.3,0.803,1.045,1.298,2.457,3.19
482,06:29:25.223,1.3,0.216,0.28,1.3030000000000002,1.76,2.295,1.2990000000000002,0.798,1.035,1.297,2.455,3.185
483,06:34:25.223,1.3,0.2155,0.28,1.3019999999999998,1.755,2.285,1.3,0.7965,1.035,1.297,2.4555,3.185
484,06:39:25.223,1.3,0.2155,0.28,1.3019999999999998,1.75,2.28,1.2990000000000002,0.792,1.03,1.297,2.454,3.185
485,06:44:25.223,1.3,0.2135,0.28,1.3019999999999998,1.7445,2.27,1.2990000000000002,0.786,1.02,1.297,2.4535,3.18
486,06:49:25.223,1.3,0.2125,0.275,1.3019999999999998,1.7415,2.265,1.2990000000000002,0.786,1.02,1.297,2.453,3.18
487,06:54:25.223,1.3,0.2115,0.275,1.3019999999999998,1.737,2.26,1.3,0.782,1.015,1.297,2.4525,3.18
488,06:59:25.223,1.3,0.2115,0.275,1.3019999999999998,1.735,2.26,1.2990000000000002,0.779,1.01,1.297,2.4535,3.18
489,07:04:25.223,1.3,0.2105,0.275,1.3019999999999998,1.7305,2.255,1.2990000000000002,0.7725,1.005,1.297,2.4535,3.18
490,07:09:25.223,1.3,0.2095,0.27,1.3019999999999998,1.7225,2.245,1.2990000000000002,0.77,1.0,1.297,2.452,3.18
491,07:14:25.223,1.3,0.2095,0.27,1.3019999999999998,1.7165,2.235,1.2990000000000002,0.768,1.0,1.297,2.4525,3.18
492,07:19:25.223,1.3,0.209,0.27,1.3019999999999998,1.7125,2.23,1.2990000000000002,0.7655,0.995,1.297,2.4525,3.18
493,07:24:25.223,1.3,0.2075,0.27,1.3019999999999998,1.708,2.225,1.2990000000000002,0.7625,0.99,1.297,2.4525,3.18
494,07:29:25.223,1.3,0.207,0.27,1.3019999999999998,1.7035,2.22,1.2990000000000002,0.7605,0.99,1.297,2.4545,3.185
495,07:34:25.223,1.3,0.2065,0.27,1.3019999999999998,1.697,2.21,1.2990000000000002,0.7615,0.99,1.297,2.452,3.18
496,07:39:25.223,1.3,0.206,0.27,1.3019999999999998,1.6925,2.205,1.2990000000000002,0.757,0.985,1.297,2.452,3.18
497,07:44:25.223,1.3,0.205,0.265,1.3019999999999998,1.691,2.2,1.2990000000000002,0.7545,0.98,1.297,2.453,3.18
498,07:49:25.223,1.3,0.205,0.265,1.3019999999999998,1.6845,2.195,1.2990000000000002,0.752,0.975,1.297,2.4535,3.18
499,07:54:25.223,1.3,0.204,0.265,1.3019999999999998,1.678,2.185,1.2990000000000002,0.7515,0.975,1.297,2.45,3.18
500,07:59:25.223,1.3,0.2025,0.265,1.3019999999999998,1.6745,2.18,1.2990000000000002,0.7515,0.975,1.297,2.452,3.18
501,08:04:25.223,1.3,0.2025,0.265,1.3019999999999998,1.672,2.175,1.2990000000000002,0.7485,0.97,1.297,2.4515,3.18
502,08:09:25.223,1.3,0.2015,0.26,1.3019999999999998,1.6655,2.17,1.3,0.748,0.97,1.297,2.452,3.18
503,08:14:25.223,1.3,0.202,0.265,1.3019999999999998,1.6605,2.16,1.2990000000000002,0.7435,0.965,1.297,2.451,3.18
504,08:19:25.223,1.3,0.201,0.26,1.3019999999999998,1.654,2.155,1.3,0.743,0.965,1.297,2.45,3.18
505,08:24:25.223,1.3,0.201,0.26,1.3019999999999998,1.649,2.145,1.2990000000000002,0.741,0.965,1.297,2.449,3.175
506,08:29:25.223,1.3,0.1995,0.26,1.3019999999999998,1.6435,2.14,1.3,0.738,0.96,1.297,2.449,3.175
507,08:34:25.223,1.3,0.199,0.26,1.3019999999999998,1.6385,2.135,1.2990000000000002,0.733,0.95,1.297,2.452,3.18
508,08:39:25.223,1.3,0.199,0.26,1.3019999999999998,1.633,2.125,1.2990000000000002,0.731,0.95,1.297,2.45,3.18
509,08:44:25.223,1.3,0.199,0.26,1.3019999999999998,1.626,2.115,1.3,0.732,0.95,1.297,2.45,3.18
510,08:49:25.223,1.3,0.197,0.255,1.3019999999999998,1.62,2.11,1.3,0.733,0.955,1.297,2.45,3.18
511,08:54:25.223,1.3,0.1975,0.255,1.3019999999999998,1.6155,2.105,1.3,0.728,0.945,1.298,2.4515,3.18
512,08:59:25.223,1.3,0.1955,0.255,1.3019999999999998,1.609,2.095,1.2990000000000002,0.7235,0.94,1.298,2.4525,3.185
513,09:04:25.223,1.3,0.195,0.255,1.3019999999999998,1.6015,2.085,1.2990000000000002,0.719,0.935,1.297,2.449,3.175
514,09:09:25.223,1.3,0.1955,0.255,1.3019999999999998,1.5965,2.08,1.2990000000000002,0.7165,0.93,1.297,2.4485,3.175
515,09:14:25.223,1.3,0.194,0.25,1.3019999999999998,1.5915,2.07,1.2990000000000002,0.715,0.93,1.297,2.449,3.175
516,09:19:25.223,1.3,0.194,0.25,1.3019999999999998,1.585,2.065,1.2990000000000002,0.711,0.925,1.297,2.449,3.175
517,09:24:25.223,1.3,0.193,0.25,1.3019999999999998,1.5795,2.055,1.2990000000000002,0.71,0.92,1.297,2.4465,3.175
518,09:29:25.223,1.3,0.193,0.25,1.3019999999999998,1.5735,2.05,1.2990000000000002,0.71,0.92,1.297,2.449,3.175
519,09:34:25.223,1.3,0.1925,0.25,1.3019999999999998,1.568,2.04,1.2990000000000002,0.7095,0.92,1.298,2.45,3.18
520,09:39:25.223,1.3,0.1925,0.25,1.3019999999999998,1.5635,2.035,1.2990000000000002,0.708,0.92,1.297,2.4485,3.175
521,09:44:25.223,1.3,0.1915,0.25,1.3019999999999998,1.5585,2.03,1.2990000000000002,0.7065,0.92,1.297,2.4465,3.175
522,09:49:25.223,1.3,0.1945,0.255,1.3019999999999998,1.562,2.035,1.2990000000000002,0.779,1.01,1.297,2.5095,3.255
523,09:54:25.223,1.3,0.1975,0.255,1.3019999999999998,1.5615,2.035,1.2990000000000002,0.8895,1.155,1.298,2.4905,3.235
524,09:59:25.223,1.3,0.198,0.255,1.3030000000000002,1.556,2.025,1.3,0.898,1.165,1.297,2.48,3.215
525,10:04:25.223,1.3,0.1965,0.255,1.3019999999999998,1.547,2.015,1.3,0.86,1.12,1.297,2.4735,3.21
526,10:09:25.223,1.3,0.196,0.255,1.3019999999999998,1.5385,2.005,1.3,0.8135,1.06,1.297,2.471,3.205
527,10:14:25.223,1.3,0.1955,0.255,1.3019999999999998,1.5305,1.995,1.3,0.774,1.005,1.298,2.47,3.205
528,10:19:25.223,1.3,0.1935,0.25,1.3019999999999998,1.525,1.985,1.2990000000000002,0.742,0.965,1.298,2.4685,3.205
529,10:24:25.223,1.3,0.193,0.25,1.3019999999999998,1.5185,1.975,1.2990000000000002,0.7165,0.93,1.297,2.467,3.2
530,10:29:25.223,1.3,0.192,0.25,1.3019999999999998,1.512,1.97,1.2990000000000002,0.697,0.905,1.298,2.468,3.205
531,10:34:25.223,1.3,0.192,0.25,1.3019999999999998,1.506,1.96,1.3,0.6855,0.89,1.298,2.4685,3.205
532,10:39:25.223,1.3,0.1905,0.25,1.3019999999999998,1.4995,1.95,1.2990000000000002,0.673,0.875,1.298,2.4645,3.2
533,10:44:25.223,1.3,0.1895,0.245,1.3019999999999998,1.494,1.945,1.2990000000000002,0.667,0.865,1.297,2.4645,3.195
534,10:49:25.223,1.3,0.189,0.245,1.3019999999999998,1.4885,1.94,1.2990000000000002,0.6565,0.855,1.298,2.465,3.2
535,10:54:25.223,1.3,0.1885,0.245,1.3019999999999998,1.4815,1.93,1.2990000000000002,0.6515,0.845,1.298,2.467,3.2
536,10:59:25.223,1.3,0.1875,0.245,1.3019999999999998,1.474,1.92,1.2990000000000002,0.6455,0.84,1.298,2.463,3.195
537,11:04:25.223,1.3,0.188,0.245,1.3019999999999998,1.467,1.91,1.2990000000000002,0.64,0.83,1.298,2.464,3.2
538,11:09:25.223,1.3,0.188,0.245,1.3019999999999998,1.4645,1.905,1.2990000000000002,0.635,0.825,1.298,2.462,3.195
539,11:14:25.223,1.3,0.186,0.24,1.3019999999999998,1.457,1.895,1.3,0.6345,0.825,1.298,2.461,3.195
540,11:19:25.223,1.3,0.185,0.24,1.3019999999999998,1.452,1.89,1.2990000000000002,0.6295,0.82,1.298,2.459,3.19
541,11:24:25.223,1.3,0.1845,0.24,1.3019999999999998,1.4435,1.88,1.2990000000000002,0.6265,0.815,1.298,2.4595,3.19
542,11:29:25.223,1.3,0.184,0.24,1.3019999999999998,1.4375,1.87,1.2990000000000002,0.6225,0.81,1.298,2.4575,3.19
543,11:34:25.223,1.3,0.1825,0.235,1.3019999999999998,1.4295,1.86,1.2990000000000002,0.6175,0.8,1.297,2.457,3.185
544,11:39:25.223,1.3,0.1835,0.24,1.3019999999999998,1.4235,1.855,1.2990000000000002,0.615,0.8,1.297,2.456,3.185
545,11:44:25.223,1.3,0.182,0.235,1.3019999999999998,1.4175,1.845,1.2990000000000002,0.6125,0.795,1.297,2.4545,3.185
546,11:49:25.223,1.3,0.182,0.235,1.3019999999999998,1.4115,1.84,1.2990000000000002,0.613,0.795,1.298,2.4545,3.185
547,11:54:25.223,1.3,0.181,0.235,1.3019999999999998,1.4065,1.83,1.2990000000000002,0.6115,0.795,1.298,2.4535,3.185
548,11:59:25.223,1.3,0.1825,0.235,1.3019999999999998,1.41,1.835,1.298,0.607,0.79,1.298,2.455,3.185
549,12:04:25.223,1.3,0.1815,0.235,1.3019999999999998,1.4135,1.84,1.2990000000000002,0.6345,0.825,1.298,2.4565,3.19
550,12:09:25.223,1.3,0.1905,0.25,1.3019999999999998,1.434,1.865,1.2990000000000002,0.7905,1.025,1.298,2.5085,3.255
551,12:14:25.223,1.3,0.203,0.265,1.3019999999999998,1.445,1.88,1.2990000000000002,0.866,1.125,1.298,2.497,3.24
552,12:19:25.223,1.3,0.221,0.285,1.3019999999999998,1.4595,1.9,1.2990000000000002,0.91,1.18,1.298,2.4905,3.235
553,12:24:25.223,1.3,0.242,0.315,1.3019999999999998,1.476,1.92,1.2990000000000002,0.95,1.235,1.298,2.4885,3.23
554,12:29:25.223,1.3,0.2655,0.345,1.3019999999999998,1.494,1.945,1.3,0.984,1.28,1.298,2.49,3.23
555,12:34:25.223,1.3,0.287,0.375,1.3019999999999998,1.51,1.965,1.2990000000000002,1.03,1.34,1.298,2.493,3.235
556,12:39:25.223,1.3,0.31,0.405,1.3019999999999998,1.5285,1.99,1.2990000000000002,1.078,1.4,1.298,2.494,3.235
557,12:44:25.223,1.3,0.3305,0.43,1.3019999999999998,1.545,2.01,1.2990000000000002,1.127,1.465,1.298,2.495,3.24
558,12:49:25.223,1.3,0.3495,0.455,1.3019999999999998,1.5615,2.035,1.2990000000000002,1.1735,1.525,1.297,2.4955,3.235
559,12:54:25.223,1.3,0.367,0.475,1.3019999999999998,1.5765,2.055,1.2990000000000002,1.219,1.585,1.297,2.4975,3.24
560,12:59:25.223,1.3,0.3845,0.5,1.3019999999999998,1.5905,2.07,1.2990000000000002,1.2595,1.635,1.297,2.4995,3.24
561,13:04:25.223,1.3,0.401,0.52,1.3019999999999998,1.609,2.095,1.2990000000000002,1.3005,1.69,1.298,2.5,3.245
562,13:09:25.223,1.3,0.4185,0.545,1.3019999999999998,1.614,2.1,1.3,1.342,1.745,1.298,2.5025,3.25
563,13:14:25.223,1.3,0.434,0.565,1.3019999999999998,1.6245,2.115,1.2990000000000002,1.378,1.79,1.298,2.502,3.25
564,13:19:25.223,1.3,0.45,0.585,1.3019999999999998,1.647,2.145,1.2990000000000002,1.417,1.84,1.298,2.502,3.25
565,13:24:25.223,1.3,0.4675,0.61,1.3019999999999998,1.6565,2.155,1.3,1.46,1.9,1.297,2.5065,3.25
566,13:29:25.223,1.3,0.4815,0.625,1.3019999999999998,1.6625,2.165,1.2990000000000002,1.499,1.945,1.298,2.506,3.255
567,13:34:25.223,1.3,0.4965,0.645,1.3019999999999998,1.6685,2.17,1.2990000000000002,1.549,2.01,1.298,2.504,3.25
568,13:39:25.223,1.3,0.509,0.66,1.3019999999999998,1.673,2.18,1.2990000000000002,1.601,2.08,1.298,2.506,3.255
569,13:44:25.223,1.3,0.523,0.68,1.3019999999999998,1.6775,2.185,1.2990000000000002,1.6595,2.155,1.298,2.507,3.255
570,13:49:25.223,1.3,0.535,0.695,1.3019999999999998,1.682,2.19,1.2990000000000002,1.7225,2.24,1.297,2.5085,3.255
571,13:54:25.223,1.3,0.5465,0.71,1.3019999999999998,1.6915,2.2,1.2990000000000002,1.7815,2.315,1.297,2.508,3.255
572,13:59:25.223,1.3,0.5575,0.725,1.3019999999999998,1.6965,2.21,1.2990000000000002,1.8425,2.395,1.298,2.509,3.255
573,14:04:25.223,1.3,0.5675,0.74,1.3019999999999998,1.6985,2.21,1.2990000000000002,1.8995,2.465,1.298,2.509,3.255
574,14:09:25.223,1.3,0.5775,0.75,1.3019999999999998,1.702,2.215,1.2990000000000002,1.955,2.54,1.297,2.507,3.25
575,14:14:25.223,1.3,0.587,0.765,1.3019999999999998,1.7055,2.22,1.2990000000000002,2.0015,2.6,1.297,2.509,3.255
